,Clasificacion,Producto,Precio Actual,Precio Anterior,Forma de pago
0,celulares-y-telefonia-li,iPhone 11 64GB Negro Reacondicionado,"$5,895MXN","$8,499",$466 mensuales con  Crédito 
1,celulares-y-telefonia-li,Redmi Note 12S 256GB 8GB Ram Azul Hielo,"$3,339MXN","$7,599",$264 mensuales con  Crédito 
2,celulares-y-telefonia-li,Celular POCO C65 256GB 8GB Black,"$2,499MXN","$2,899",$198 mensuales con  Crédito 
3,celulares-y-telefonia-li,Celular Reacondicionado Grado A Apple Iphone 13 De 128gb Rosa,"$11,999MXN","$13,999",$947 mensuales con  Crédito 
4,celulares-y-telefonia-li,Motorola Edge Plus 256 Gb/12Gb Ram - Thunder Gray,"$7,769MXN","$7,899",$614 mensuales con  Crédito 
5,celulares-y-telefonia-li,Apple iPhone 15 Pro Max 256 GB Titanium Azul Desbloqueado ,"$28,999MXN",0,$2289 mensuales con  Crédito 
6,celulares-y-telefonia-li,iPhone 14 Pro Max 128GB Morado E-SIM Reacondicionado Grado A + Audífono Genérico,"$27,999MXN","$31,999",$2210 mensuales con  Crédito 
7,celulares-y-telefonia-li,Celular POCO F5 Blue 12GB RAM 256GB ROM,"$6,719MXN","$8,499",$531 mensuales con  Crédito 
8,celulares-y-telefonia-li,Celular Motorola Edge 40 5G 256GB Azul Telcel R9,"$9,999MXN",0,$790 mensuales con  Crédito 
9,celulares-y-telefonia-li,iPhone 15 128GB Rosa Telcel R5,"$19,499MXN",0,$1539 mensuales con  Crédito 
10,celulares-y-telefonia-li,Celular Reacondicionado Grado A Samsung Galaxy S20 Ultra 5G 128GB 12GB RAM  108 MPX  Negro,"$8,468MXN","$8,999",$669 mensuales con  Crédito 
11,celulares-y-telefonia-li,Honor Magic5 Lite 256GB 8GB Plata,"$5,699MXN","$8,999",$450 mensuales con  Crédito 
12,celulares-y-telefonia-li,Combo 2 Moto G23 128GB 8GB Ram   2 Smartwatches,"$7,433MXN","$8,289",$587 mensuales con  Crédito 
13,celulares-y-telefonia-li,Celular Xiaomi Redmi Note 12 Onyx Gray 4GB RAM 128GB Rom Eu ,"$2,649MXN","$4,999",$210 mensuales con  Crédito 
14,celulares-y-telefonia-li,Celular (Reacondicionado Grado A) Samsung Galaxy Z Flip 3 5G 128GB 8GB RAM Phantom Black,"$9,426MXN","$9,699",$744 mensuales con  Crédito 
15,celulares-y-telefonia-li,iPhone 12 64GB Rojo Reacondicionado,"$7,499MXN","$9,699",$592 mensuales con  Crédito 
16,celulares-y-telefonia-li,Celular Redmi Note 12 Pro 5G 6GB + 128GB Color Azul,"$4,999MXN","$8,199",$395 mensuales con  Crédito 
17,celulares-y-telefonia-li,Apple iPhone 13 128 GB Medianoche Desbloqueado,"$14,499MXN","$18,999",$1145 mensuales con  Crédito 
18,celulares-y-telefonia-li,Celular Samsung A04E A042M Color Cobre R9 (Telcel),"$2,699MXN",0,$214 mensuales con  Crédito 
19,celulares-y-telefonia-li,celular Xiaomi Redmi 12S 8RAM 256GB GRIS ,"$3,339MXN","$5,000",$264 mensuales con  Crédito 
20,celulares-y-telefonia-li,Motorola E22i 64GB Gris Telcel R9,"$2,499MXN","$2,999",$198 mensuales con  Crédito 
21,celulares-y-telefonia-li,iPhone 12 128GB Blanco Telcel R5,"$11,999MXN","$12,499",$947 mensuales con  Crédito 
22,celulares-y-telefonia-li,iPhone 12 128GB Morado Telcel R9,"$11,999MXN","$12,499",$947 mensuales con  Crédito 
23,celulares-y-telefonia-li,iPhone 12 64GB Blanco Telcel R9,"$10,999MXN","$11,499",$869 mensuales con  Crédito 
24,celulares-y-telefonia-li,Samsung Galaxy A14 128GB 4GB Ram Color Negro,"$2,529MXN","$4,799",$200 mensuales con  Crédito 
25,celulares-y-telefonia-li,Samsung Galaxy A14 128GB 4GB Ram Color Verde,"$2,529MXN","$4,799",$200 mensuales con  Crédito 
26,celulares-y-telefonia-li,Celular Infinix Hot 30 8+256Gb Color Blanco (Open),"$4,199MXN",0,$332 mensuales con  Crédito 
27,celulares-y-telefonia-li,iPhone 11 128GB Negro Telcel R9,"$9,999MXN",0,$790 mensuales con  Crédito 
28,celulares-y-telefonia-li,Celular Infinix Note 30 8+256Gb Color Negro (Open),"$4,999MXN",0,$395 mensuales con  Crédito 
29,celulares-y-telefonia-li,Oppo Reno10 5G 256GB Azul Telcel R9,"$9,799MXN","$9,999",$774 mensuales con  Crédito 
30,celulares-y-telefonia-li,Oppo Reno 10 5G 256 GB Gris Desbloqueado,"$9,799MXN","$9,999",$774 mensuales con  Crédito 
31,celulares-y-telefonia-li,Oppo Reno10 5G 256GB Gris Telcel R9,"$9,799MXN","$9,999",$774 mensuales con  Crédito 
32,celulares-y-telefonia-li,Smartphone HONOR X7A:Procesador Helio G37 hasta,"$3,299MXN","$3,799",$261 mensuales con  Crédito 
33,celulares-y-telefonia-li,APPLE IPHONE 12 4GB 128GB AZUL REACONDICIONADO ,"$9,289MXN","$15,299",$734 mensuales con  Crédito 
34,celulares-y-telefonia-li,Celular Samsung Galaxy S22 de 128GB Oro Rosado (Nuevo),"$9,799MXN","$9,999",$774 mensuales con  Crédito 
35,celulares-y-telefonia-li,Samsung Galaxy A54 5G 128GB Violeta Telcel R9,"$8,999MXN","$9,999",$711 mensuales con  Crédito 
36,celulares-y-telefonia-li,iPhone 11 64GB Blanco Telcel R9,"$8,999MXN",0,$711 mensuales con  Crédito 
37,celulares-y-telefonia-li,Celular Samsung 5G A54 128Gb Color Grafito R9 (Telcel),"$9,999MXN",0,$790 mensuales con  Crédito 
38,celulares-y-telefonia-li,Celular Samsung 5G A54 128Gb Color Lima R9 (Telcel),"$9,999MXN",0,$790 mensuales con  Crédito 
39,celulares-y-telefonia-li,Honor 90 Lite 5G 256GB Azul Telcel R7,"$7,999MXN",0,$632 mensuales con  Crédito 
40,celulares-y-telefonia-li,Samsung Galaxy S10+ Negro 128GB Reacondicionado Grado A + Cargador inalámbrico Samsung Carga Rápida,"$7,950MXN","$9,999",$628 mensuales con  Crédito 
41,celulares-y-telefonia-li,Celular (Reacondicionado Grado A) Samsung Galaxy Z Flip 3 5G 128GB 8GB RAM Blanco,"$8,888MXN","$9,699",$702 mensuales con  Crédito 
42,celulares-y-telefonia-li,iPhone 12 64gb Negro Reacondicionado,"$7,499MXN","$9,699",$592 mensuales con  Crédito 
43,celulares-y-telefonia-li,Samsung Galaxy A54 5G 256GB 8GB Verde ,"$6,999MXN","$9,999",$553 mensuales con  Crédito 
44,celulares-y-telefonia-li,Celular XIAOMI REDMI 12 256/8gb NEGRO Desbloqueado Dual Sim,"$3,419MXN","$4,500",$270 mensuales con  Crédito 
45,celulares-y-telefonia-li,Motorola Moto G72 128GB 6GB Ram Color Blanco,"$6,588MXN","$7,399",$520 mensuales con  Crédito 
46,celulares-y-telefonia-li,Celular Samsung 5G A34 Color Violeta R9 (Telcel),"$7,999MXN",0,$632 mensuales con  Crédito 
47,celulares-y-telefonia-li,MOTOROLA MOTO G23 4GB 128GB AZUL,"$3,179MXN","$4,999",$251 mensuales con  Crédito 
48,celulares-y-telefonia-li,Celular Infinix Hot 30 8+128Gb Color Blanco (Open),"$3,899MXN",0,$308 mensuales con  Crédito 
49,celulares-y-telefonia-li,Celular POCO X5 PRO 5G Negro 8+256GB,"$6,169MXN","$7,999",$487 mensuales con  Crédito 
50,celulares-y-telefonia-li,Celular Oppo A78 256GB Negro Telcel R9,"$6,799MXN","$6,999",$537 mensuales con  Crédito 
51,celulares-y-telefonia-li,Huawei Nova 11I  128 GB Desbloqueado,"$5,999MXN",0,$474 mensuales con  Crédito 
52,celulares-y-telefonia-li,Celular Samsung A04E A042M Color Negro R9 (Telcel),"$2,699MXN",0,$214 mensuales con  Crédito 
53,celulares-y-telefonia-li,Celular Honor X6s 128GB 4GB Ram   Azul,"$2,999MXN","$3,499",$237 mensuales con  Crédito 
54,celulares-y-telefonia-li,Moto G22 Dual SIM 64 GB cosmic black 4 GB RAM,"$2,715MXN","$3,500",$215 mensuales con  Crédito 
55,celulares-y-telefonia-li,"Smartphone Motorola Defy:Procesador Snapdragon 662,Memoria","$5,199MXN","$5,999",$411 mensuales con  Crédito 
56,celulares-y-telefonia-li,Celular Moto G54 256GB 8GB RAM 5G  Autonomia de Hasta Dos Dias    Verde,"$5,418MXN","$5,499",$428 mensuales con  Crédito 
57,celulares-y-telefonia-li,Celular Motorola E22I Xt2239-17 Color Gris R7 (Telcel),"$2,499MXN","$2,999",$198 mensuales con  Crédito 
58,celulares-y-telefonia-li,Celular Apple 5G iPhone SE 2da Generación Reacondicionado Grado A Negro 128GB,"$4,799MXN","$7,999",$379 mensuales con  Crédito 
59,celulares-y-telefonia-li,Celular Samsung A24 4G A245 Color Plata R9 (Telcel),"$5,799MXN",0,$458 mensuales con  Crédito 
60,celulares-y-telefonia-li,Celular Motorola Xt2171-1 G51 5G Color Dorado R9 (Telcel),"$4,499MXN","$6,699",$356 mensuales con  Crédito 
61,celulares-y-telefonia-li,SAMSUNG GALAXY A34 6GB 128GB 5G VERDE,"$4,389MXN","$8,599",$347 mensuales con  Crédito 
62,celulares-y-telefonia-li,Celular Infinix Hot 30I 4+128Gb Color Azul (Open),"$2,699MXN",0,$214 mensuales con  Crédito 
63,celulares-y-telefonia-li,Celular XIAOMI REDMI 12C  128/4gb VERDE Desbloqueado Dual Sim,"$2,083MXN","$4,999",$165 mensuales con  Crédito 
64,celulares-y-telefonia-li,CELULAR HONOR X8a 128/8gb AZUL Desbloqueado Dual Sim,"$4,083MXN","$5,300",$323 mensuales con  Crédito 
65,celulares-y-telefonia-li,Celular POCO X5 5G Black 6GB RAM 128GB ROM,"$3,999MXN","$5,999",$316 mensuales con  Crédito 
66,celulares-y-telefonia-li,Motorola Moto g62 5G 128GB 4GB Azul	,"$3,979MXN","$8,999",$315 mensuales con  Crédito 
67,celulares-y-telefonia-li,Xiaomi Poco C40 32GB 3GB Ram Verde,"$2,389MXN","$3,999",$189 mensuales con  Crédito 
68,celulares-y-telefonia-li,Motorola Moto G52 256GB 6GB Azul ,"$3,789MXN","$5,499",$300 mensuales con  Crédito 
69,celulares-y-telefonia-li,COMBO DE 2 PIEZAS HISENSE V40S 64GB 4GB RAM NEGRO,"$3,754MXN","$7,999",$297 mensuales con  Crédito 
70,celulares-y-telefonia-li,Celular Vivo Y20 V2027 Color Negro R9 (Telcel),"$3,599MXN","$4,919",$285 mensuales con  Crédito 
71,celulares-y-telefonia-li,Celular Samsung A14 Color Negro R9 (Telcel),"$4,999MXN",0,$395 mensuales con  Crédito 
72,celulares-y-telefonia-li,Celular Oppo A17 Cph2477 Color Negro R9 (Telcel),"$3,499MXN","$4,139",$277 mensuales con  Crédito 
73,celulares-y-telefonia-li,Celular Samsung A14 Color Verde R9 (Telcel),"$4,999MXN",0,$395 mensuales con  Crédito 
74,celulares-y-telefonia-li,Celular SENWA GSM S305V20 SWING+ Color NEGRO/NARANJA Telcel,$499MXN,0,NA
75,celulares-y-telefonia-li,SAMSUNG GALAXY A24 4GB 128GB PLATA,"$3,359MXN","$7,999",$266 mensuales con  Crédito 
76,celulares-y-telefonia-li,Celular Motorola Moto G42 128GB 6GB Ram   Verde (Deep Lagoon),"$3,272MXN","$4,500",$259 mensuales con  Crédito 
77,celulares-y-telefonia-li,Motorola G14 128GB Lila Telcel R8,"$3,699MXN",0,$292 mensuales con  Crédito 
78,celulares-y-telefonia-li,Xiaomi Redmi Note 11 Twilight Blue 4GB + 128GB,"$3,199MXN","$4,799",$253 mensuales con  Crédito 
79,celulares-y-telefonia-li,Combo de 2 Celulares Samsung Galaxy A03 Core Dual SIM 32GB 2GB RAM Negro,"$2,734MXN","$7,100",$216 mensuales con  Crédito 
80,celulares-y-telefonia-li,Celular Apple iPhone 8 (64 Gb)   Oro   Kit De Accesorios,"$3,237MXN","$3,999",$256 mensuales con  Crédito 
81,celulares-y-telefonia-li,Celular ZTE Axon 50 Lite 256GB Morado Telcel R9,"$2,999MXN",0,$237 mensuales con  Crédito 
82,celulares-y-telefonia-li,Cargador MagSafe iPhone,$999MXN,0,$79 mensuales con  Crédito 
83,celulares-y-telefonia-li,Celular ZTE Axon 50 Lite 256GB Negro Telcel R9,"$2,999MXN",0,$237 mensuales con  Crédito 
84,celulares-y-telefonia-li,Celular ZTE Axon 50 Lite 256GB Morado Telcel R8,"$2,999MXN",0,$237 mensuales con  Crédito 
85,celulares-y-telefonia-li,Smartphone Xiaomi Redmi Note 12:Procesador Snapdragon 685,"$2,999MXN","$3,499",$237 mensuales con  Crédito 
86,celulares-y-telefonia-li,Xiaomi Redmi Note 12 4GB/128GB Azul,"$2,699MXN","$4,289",$214 mensuales con  Crédito 
87,celulares-y-telefonia-li,Celular Honor X6 4G 64Gb Color Negro R9 (Telcel),"$2,899MXN",0,$229 mensuales con  Crédito 
88,celulares-y-telefonia-li,Celular Samsung A03S A037 64Gb Color Azul R9 (Telcel),"$4,139MXN",0,$327 mensuales con  Crédito 
89,celulares-y-telefonia-li,Celular Samsung A03S A037 Color Negro R5 (Telcel),"$2,799MXN","$4,139",$221 mensuales con  Crédito 
90,celulares-y-telefonia-li,Motorola E22 32GB azul Telcel R9,"$2,699MXN","$3,399",$214 mensuales con  Crédito 
91,celulares-y-telefonia-li,Celular Motorola E22I Xt2239-17 Color Gris R5 (Telcel),"$2,499MXN","$2,999",$198 mensuales con  Crédito 
92,celulares-y-telefonia-li,ZTE Blade V50 Smart 128GB Verde Telcel R4,"$2,499MXN",0,$198 mensuales con  Crédito 
93,celulares-y-telefonia-li,Hisense V60 128GB 4GB RAM Azul,"$2,389MXN","$5,599",$189 mensuales con  Crédito 
94,celulares-y-telefonia-li,Xiaomi Redmi 10A 128GB 4GB Ram Gris,"$2,357MXN","$4,999",$187 mensuales con  Crédito 
95,celulares-y-telefonia-li,Celular Infinix Smart 7 Hd 2+64Gb Color Negro (Open),"$2,199MXN",0,$174 mensuales con  Crédito 
96,celulares-y-telefonia-li,Celular Samsung A045 A04 Color Negro R9 (Telcel),"$2,919MXN",0,$231 mensuales con  Crédito 
97,celulares-y-telefonia-li,Xiaomi Redmi 12C 128GB 4GB Ram Gris Grafito,"$2,189MXN","$4,499",$173 mensuales con  Crédito 
98,celulares-y-telefonia-li,Celular  SENWA 2G S301 DISCO Color BLANCO/ROJO Telcel,$349MXN,$389,NA
99,celulares-y-telefonia-li,Celular  SENWA 2G S301 DISCO Color BLANCO/AZUL Telcel,$349MXN,$389,NA
100,celulares-y-telefonia-li,Celular XIAOMI REDMI 12C  128/4gb AZUL Desbloqueado Dual Sim,"$2,083MXN","$3,999",$165 mensuales con  Crédito 
101,celulares-y-telefonia-li,Samsung Galaxy A04E 32GB Cobre Telcel R9,"$1,999MXN","$2,699",$158 mensuales con  Crédito 
102,electronica-y-tecnologia-li,"Pantalla SANSUI 55"" 4K UHD SMX55VAUG Google TV Smart","$6,199MXN","$8,999",$490 mensuales con  Crédito 
103,electronica-y-tecnologia-li,"Laptop Lenovo IdeaPad 1 15AMN7 15.6"" FHD AMD Athlon Silver 8 GB RAM 256 GB Windows 11","$9,799MXN","$10,999",$774 mensuales con  Crédito 
104,electronica-y-tecnologia-li,Samsung GALAXY TAB S6 Lite Azul 2 64GB,"$4,499MXN","$9,999",$356 mensuales con  Crédito 
105,electronica-y-tecnologia-li,Pantalla Samsung 55 pulgadas 4k un55cu8000fx,"$9,495MXN","$16,427",$750 mensuales con  Crédito 
106,electronica-y-tecnologia-li,"Pantalla LG 50"" UHD AI ThinQ 4K SMART TV  50UR8750PSB","$8,395MXN","$15,999",$663 mensuales con  Crédito 
107,electronica-y-tecnologia-li,"Laptop Lenovo IdeaPad 1, 14IJL7 N4500 14 FHD, Intel Celeron, 8GB RAM, 256GB SSD M.2, Abyss Blue, Windows 11, Lector de huellas","$6,999MXN","$9,999",$553 mensuales con  Crédito 
108,electronica-y-tecnologia-li,Multifuncional Brother Inkbenefit Tank Dcp-T520,"$3,599MXN","$4,899",$285 mensuales con  Crédito 
109,electronica-y-tecnologia-li,"Pantalla TCL 65"" 4K UHD Roku TV, Wifi Doble Banda 65S453, Sonido Dolby","$8,999MXN","$21,799",$711 mensuales con  Crédito 
110,electronica-y-tecnologia-li,Pantalla Samsung 43 pulgadas 4K UN43CU8000FX,"$8,495MXN","$12,141",$671 mensuales con  Crédito 
111,electronica-y-tecnologia-li,"Pantalla Hisense 65"" UHD 4K 65A6H Google TV","$8,999MXN","$13,999",$711 mensuales con  Crédito 
112,electronica-y-tecnologia-li,"Laptop Lenovo IdeaPad Slim 3 15IAN8 15.6"" FHD Intel Core i3-N 8 GB RAM 256 GB SSD Windows 11","$10,499MXN","$11,999",$829 mensuales con  Crédito 
113,electronica-y-tecnologia-li,Pantalla Hisense 75 pulgadas 4K 75A6H,"$13,495MXN","$33,999",$1066 mensuales con  Crédito 
114,electronica-y-tecnologia-li,"Pantalla SANSUI 50"" 4K UHD SMX50VAUG Google TV Smart","$5,299MXN","$7,999",$419 mensuales con  Crédito 
115,electronica-y-tecnologia-li,"Impresora Multifuncional Brother DCP-T720DW de Inyección de tinta a color con conexión WiFi, ADF + DUPLEX","$4,695MXN","$6,229",$371 mensuales con  Crédito 
116,electronica-y-tecnologia-li,"Pantalla TCL 55"" 4K UHD Roku TV, Wifi Doble Banda 55S453, Sonido Dolby","$6,995MXN","$19,999",$553 mensuales con  Crédito 
117,electronica-y-tecnologia-li,"Laptop Lenovo IdeaPad 3 14ITL05 Intel Core i3-1115G4/ 8GB /256GB SSD / 15.6"" Windows 11","$8,199MXN","$8,999",$648 mensuales con  Crédito 
118,electronica-y-tecnologia-li,"Tablet Lenovo B300FU M8 4ta Gen 8"" HD 32GB, 3GB RAM Memoria Expandible, Android + Funda","$3,199MXN","$3,399",$253 mensuales con  Crédito 
119,electronica-y-tecnologia-li,Monitor Samsung 32 pulgadas 4K LS32CM801U,"$9,895MXN","$17,399",$781 mensuales con  Crédito 
120,electronica-y-tecnologia-li,Combo Pantalla Hisense 43Pulg UHD 4K Smart TV 60hz Roku Black + Tab A7 Lite,"$5,999MXN","$8,999",$474 mensuales con  Crédito 
121,electronica-y-tecnologia-li,"Pantalla SANSUI 55"" Roku 4K, UHD, Smart, SMX55P7UR","$5,999MXN","$10,999",$474 mensuales con  Crédito 
122,electronica-y-tecnologia-li,Laptop Asus Vivobook AMD Ryzen E510MA-BR632W 8G 128SSD Azul,"$6,699MXN","$6,999",$529 mensuales con  Crédito 
123,electronica-y-tecnologia-li,Bocina inteligente  Echo Dot 5ta generación con reloj blanco,$929MXN,"$1,199",$74 mensuales con  Crédito 
124,electronica-y-tecnologia-li,Monitor Samsung Cf391 27Pulg FHD Curvo HDMI VGA Aux3.5 4GTG White,"$2,899MXN","$3,199",$229 mensuales con  Crédito 
125,electronica-y-tecnologia-li,"Pantalla TCL 65"" MiniLED IMAX 4K HDR Google TV 65QM850G Smart TV","$20,995MXN","$44,999",$1657 mensuales con  Crédito 
126,electronica-y-tecnologia-li, Echo Dot 5th Gen with Clock con asistente virtual Alexa Azul,"$1,099MXN","$1,199",$87 mensuales con  Crédito 
127,electronica-y-tecnologia-li,"iPad 9na Generación de 10.2"" 64 GB gris","$6,099MXN","$7,999",$482 mensuales con  Crédito 
128,electronica-y-tecnologia-li,Cámara GoPro Hero 10 Black,"$4,499MXN","$5,199",$356 mensuales con  Crédito 
129,electronica-y-tecnologia-li,"Computadora Lenovo IdeaCentre AIO 3 | 23"" FHD AMD Ryzen 3, 128GB SSD + 1 TB HDD, 4GB RAM Teclado y Mouse USB, Cámara HD","$13,299MXN","$15,999",$1050 mensuales con  Crédito 
130,electronica-y-tecnologia-li,"Pantalla LG 55"" UHD AI ThinQ 4K SMART TV  55UR8750PSB","$8,895MXN","$18,999",$702 mensuales con  Crédito 
131,electronica-y-tecnologia-li,Pantalla Samsung 75 pulgadas 4K UN75CU8000FX,"$18,995MXN","$32,856",$1500 mensuales con  Crédito 
132,electronica-y-tecnologia-li,Samsung Galaxy Tab A9+ 128GB gris,"$3,999MXN","$4,999",$316 mensuales con  Crédito 
133,electronica-y-tecnologia-li,"Laptop Lenovo IdeaPad 1,  15AMN7  15.6''FHD,AMD Ryzen 3 7320U , 8GB RAM, 256GB SSD, Windows 11.","$11,799MXN","$12,999",$932 mensuales con  Crédito 
134,electronica-y-tecnologia-li,"Laptop Lenovo IdeaPad 3, 15IAU7 15.6'' FHD, Intel Core i3 12va Gen, 8GB RAM, 512GB SSD, Windows 11, Lector de huellas","$14,399MXN","$15,999",$1137 mensuales con  Crédito 
135,electronica-y-tecnologia-li,Pantalla LG 70 pulgadas 4K UHD 70ur8750psa,"$12,995MXN","$33,999",$1026 mensuales con  Crédito 
136,electronica-y-tecnologia-li,"Pantalla TCL 50"" 4K UHD Roku TV, Wifi Doble Banda 50S453, Sonido Dolby","$5,995MXN","$14,499",$474 mensuales con  Crédito 
137,electronica-y-tecnologia-li,Combo Laptop HP 14-DQ0518LA Intel Celeron-N4120 4GB 128GB 14Pulg HD W11H + Audifonos,"$4,799MXN","$7,999",$379 mensuales con  Crédito 
138,electronica-y-tecnologia-li,Laptop Gamer MSI Thin GF63 GeForce RTX 3050 Core I5 11400H 16GB 1.4TB SSD 15.6 Ingles ,"$15,799MXN","$24,999",$1247 mensuales con  Crédito 
139,electronica-y-tecnologia-li,"Laptop Lenovo IdeaPad Slim 3 | 15.6"" FHD Touchscreen, Intel Core i3 (13va Gen) 5 Núcleos, 8GB RAM + 512GB SSD | Cámara 1080 FHD Dolby Audio  Windows 11","$13,699MXN","$15,999",$1082 mensuales con  Crédito 
140,electronica-y-tecnologia-li,"Pantalla LG 50"" NanoCell 4K SMART TV con ThinQ AI 50NANO77SRA","$9,395MXN","$20,999",$742 mensuales con  Crédito 
141,electronica-y-tecnologia-li,Bocina Bose S1 Pro sin Batería,"$12,510MXN","$13,900",$988 mensuales con  Crédito 
142,electronica-y-tecnologia-li,"Pantalla LG 60"" UHD TV AI ThinQ  4K SMART TV  60UQ8000PSB","$10,695MXN","$27,999",$845 mensuales con  Crédito 
143,electronica-y-tecnologia-li,"Pantalla Hisense 55"" ULED 55U6H Google TV","$11,995MXN","$12,299",$947 mensuales con  Crédito 
144,electronica-y-tecnologia-li,"Tablet Lenovo TB328FU M10 3ra Gen Unisoc 10.1"" WUXGA, 32GB, 3GB RAM Android, Carga Rápida, Memoria Expandible","$4,399MXN","$4,699",$348 mensuales con  Crédito 
145,electronica-y-tecnologia-li,Pantalla LG 65 pulgadas 4k UHD 65ur8750psa,"$12,395MXN","$25,999",$979 mensuales con  Crédito 
146,electronica-y-tecnologia-li,"Pantalla TCL 50"" QLED 50Q647 Google TV y Dolby Atmos Smart TV","$7,695MXN","$12,299",$608 mensuales con  Crédito 
147,electronica-y-tecnologia-li,Laptop Lenovo IdeaPad 3 14ITL6 Intel Core i3-1115G4/8GB/256GB SSD + 1TB,"$10,999MXN","$11,999",$869 mensuales con  Crédito 
148,electronica-y-tecnologia-li,Pantalla Samsung 85 pulgadas 4K UN85CU8000FX,"$22,995MXN","$44,284",$1815 mensuales con  Crédito 
149,electronica-y-tecnologia-li,"Pantalla SANSUI 32"" Android TV Smart, HD, SMX32V1HA","$2,799MXN","$5,499",$221 mensuales con  Crédito 
150,electronica-y-tecnologia-li,Laptop ASUS TUF Gaming F15 Intel Core i5-11400H 8GB 512GB SSD NVIDIA GeForce RTX2050 + Mouse y mochila FX506HF-HN007W,"$17,999MXN","$19,999",$1421 mensuales con  Crédito 
151,electronica-y-tecnologia-li,"Impresora Multifuncional Brother MFC-T920DW de Inyección de tinta a color con conexión WiFi, ADF + DUPLEX Y USB FRONTAL","$5,999MXN","$8,349",$474 mensuales con  Crédito 
152,electronica-y-tecnologia-li,Samsung Galaxy Tab S9 256 grafito,"$10,899MXN","$19,999",$861 mensuales con  Crédito 
153,electronica-y-tecnologia-li,"Laptop Hyundai HyBook Plus, 14.1"" Intel Core-i5 5th Gen, Intel Iris Graphics 6100, 8GB DDR, 256GB Storage, Windows 10 Home Single Language, 3250mAh, Plastic, Spanish, Grey","$8,899MXN","$8,999",$703 mensuales con  Crédito 
154,electronica-y-tecnologia-li,"Tablet Lenovo B310FU M9 MediaTek Helio 9"" HD 64GB, 8GB RAM Android 12 + Funda","$3,699MXN","$3,999",$292 mensuales con  Crédito 
155,electronica-y-tecnologia-li,"Pantalla TCL 65"" QLED 65S647 Google TV y Dolby Atmos Smart TV","$11,499MXN","$18,999",$908 mensuales con  Crédito 
156,electronica-y-tecnologia-li,Laptop Asus Chromebook CX1500CKA Intel Celeron 8GB RAM 128,"$6,699MXN","$9,999",$529 mensuales con  Crédito 
157,electronica-y-tecnologia-li,"Pantalla Tcl 75"" Qled 4K Google Tv 75Q650G","$16,445MXN","$23,493",$1298 mensuales con  Crédito 
158,electronica-y-tecnologia-li,"Pantalla TCL 65"" QLED 4K HDR Google TV 65Q650G Smart TV","$11,995MXN","$21,699",$947 mensuales con  Crédito 
159,electronica-y-tecnologia-li,"Computadora Lenovo IdeaCentre AIO 3 | 23"" FHD Intel Core i3 6 Núcleos, 8GB RAM, 256GB SSD + 1TB HDD, Cámara HD, Teclado y Mouse Inalámbricos","$15,499MXN","$16,999",$1224 mensuales con  Crédito 
160,electronica-y-tecnologia-li,Combo Laptop HP 14-DQ0518LA Intel Celeron-N4120 4C 4GB 128GB ssd 14Pulg HD W11H mx Natural Silver + Audìfonos,"$4,999MXN","$6,999",$395 mensuales con  Crédito 
161,electronica-y-tecnologia-li,"Pantalla SANSUI 65"" 4K, UHD, Smart, Google TV SMX65VAUG","$8,599MXN","$11,999",$679 mensuales con  Crédito 
162,electronica-y-tecnologia-li,"Pantalla LG 65"" NanoCell 4K SMART TV con ThinQ AI 65NANO77SRA","$15,895MXN","$39,999",$1255 mensuales con  Crédito 
163,electronica-y-tecnologia-li,"Laptop Lenovo Ideapad Slim 3 15Ian8, I3, 8Gb, 256Ssd","$10,799MXN","$11,999",$853 mensuales con  Crédito 
164,electronica-y-tecnologia-li,Laptop Huawei Matebook D15 Ryzen 7 5700U 16G 512G+ Tab 4+ 64G,"$21,599MXN","$23,999",$1705 mensuales con  Crédito 
165,electronica-y-tecnologia-li,"Laptop Hyundai HyFlip Plus 14"" Full HD, Intel Core i7-10510U 1.80GHz, 8GB, 512GB SSD, Windows 10 Home 64-bit","$13,799MXN","$13,999",$1090 mensuales con  Crédito 
166,electronica-y-tecnologia-li,"Pantalla Hisense 43"" UHD 4K 43A6H Google TV","$7,795MXN","$7,999",$616 mensuales con  Crédito 
167,electronica-y-tecnologia-li,Laptop Lenovo IdeaPad 5 14IIL05 Intel Core i5-1035G1/8GB/256GB SSD,"$12,799MXN","$13,999",$1011 mensuales con  Crédito 
168,electronica-y-tecnologia-li,"Pantalla LG 43"" UHD AI ThinQ  4K SMART TV  43UR7800PSB","$6,595MXN","$11,999",$521 mensuales con  Crédito 
169,electronica-y-tecnologia-li,Laptop Apple Macbook Air M17 13 3 Pulgadas 512GB (Reacondicionada) Grado A,"$9,528MXN","$9,999",$752 mensuales con  Crédito 
170,electronica-y-tecnologia-li,"Laptop Hyundai HyBook 14.1"" HD, Intel Celeron N4020 1.10GHz, 4GB, 128GB, Windows 10 Home S","$4,419MXN","$4,499",$349 mensuales con  Crédito 
171,electronica-y-tecnologia-li,"Pantalla Hisense 50"" UHD 4K 50A6H Google TV","$8,695MXN","$8,999",$687 mensuales con  Crédito 
172,electronica-y-tecnologia-li,"Pantalla LG 65"" UHD AI ThinQ 4K SMART TV  65UR8750PSB","$11,995MXN","$25,999",$947 mensuales con  Crédito 
173,electronica-y-tecnologia-li,Laptop ASUS Vivobook X515EA-BQ1528W Intel Core i5 1135G7 8GB 256GB SSD Azul,"$13,999MXN","$16,999",$1105 mensuales con  Crédito 
174,electronica-y-tecnologia-li,"Laptop Lenovo IdeaPad 3 15ALC6 AMD Ryzen 7 5700U /8GB/512G/15.6""","$14,699MXN","$15,999",$1161 mensuales con  Crédito 
175,electronica-y-tecnologia-li,Laptop Asus Vivobook X1502Za-Ej919W Ci5 8Gb 512Ssd,"$13,499MXN","$14,999",$1066 mensuales con  Crédito 
176,electronica-y-tecnologia-li,"Pantalla TCL 65"" Google TV 4K QLED 65S546 + Bluetooth","$9,799MXN","$21,399",$774 mensuales con  Crédito 
177,electronica-y-tecnologia-li,Laptop ASUS VivoBook Intel Pentium Gold 7505 X515EA-EJ199W 8G 256SSD plata,"$10,399MXN","$10,999",$821 mensuales con  Crédito 
178,electronica-y-tecnologia-li,Samsung Galaxy Tab A9+ 128GB plata,"$3,999MXN","$4,999",$316 mensuales con  Crédito 
179,electronica-y-tecnologia-li,"Pantalla TCL 40"" FHD 2K Android TV 40S330A Smart TV","$4,595MXN","$8,199",$363 mensuales con  Crédito 
180,electronica-y-tecnologia-li,Laptop Asus Vivobook Intel Core i5 X1605VA-MB221W 8GB 512SSD Negro,"$12,999MXN","$13,999",$1026 mensuales con  Crédito 
181,electronica-y-tecnologia-li,Laptop ASUS D515DA-BQ1590W Ryzen 3 12 GB RAM 256 SSD azul,"$11,999MXN",0,$947 mensuales con  Crédito 
182,electronica-y-tecnologia-li,"Laptop Lenovo IdeaPad Flex 5 | 14"" WUXGA Touchscreen AMD Ryzen 5, 8GB RAM + 512GB SSD, Cámara FHD 1080p, Lenovo Digital Pen Incluida","$15,499MXN","$17,999",$1224 mensuales con  Crédito 
183,electronica-y-tecnologia-li,"Pantalla SANSUI 43"" 4K UHD SMX43VAUG Google TV Smart","$4,299MXN","$6,999",$340 mensuales con  Crédito 
184,electronica-y-tecnologia-li,Laptop ASUS Vivobook 16 AMD Ryzen 7 5800H 16GB 512GB SSD Plata D1603QA-MB057W,"$16,799MXN","$24,299",$1326 mensuales con  Crédito 
185,electronica-y-tecnologia-li,"Pantalla TCL 32"" HD 2K Roku TV 32S210R Smart TV","$2,995MXN","$5,499",$237 mensuales con  Crédito 
186,electronica-y-tecnologia-li,"Laptop Lenovo IdeaPad 3, 14ALC6 14'' FHD, AMD Ryzen 3, 8GB RAM, 512GB SSD, Windows 11, Lector de huellas","$14,999MXN","$16,999",$1184 mensuales con  Crédito 
187,electronica-y-tecnologia-li,"Pantalla LG 32"" SMART TV AI ThinQ HD 32LQ630BPSA","$3,795MXN","$8,499",$300 mensuales con  Crédito 
188,electronica-y-tecnologia-li,"Pantalla TCL 32"" HD 2K Android TV 32S230A Smart TV","$3,295MXN","$5,899",$261 mensuales con  Crédito 
189,electronica-y-tecnologia-li,"Pantalla TCL 43"" FHD 2K Roku TV 43S310R Smart TV","$4,795MXN","$8,399",$379 mensuales con  Crédito 
190,electronica-y-tecnologia-li,"Pantalla Hisense 65"" 4K Android 65A6H","$9,295MXN","$13,279",$734 mensuales con  Crédito 
191,electronica-y-tecnologia-li,Laptop Asus L406M Celeron N4000 4 gb Ram SSD de 64 Gb Windows 10 Azul Metalico ,"$4,699MXN","$9,899",$371 mensuales con  Crédito 
192,electronica-y-tecnologia-li,Impresora Multifuncional Brother DCP-T220 de Inyección de tinta a color con bandeja multipropósito,"$3,295MXN","$4,119",$261 mensuales con  Crédito 
193,electronica-y-tecnologia-li,"Pantalla TCL 43"" 4K UHD Roku TV, Wifi Doble Banda 43S453, Sonido Dolby","$4,995MXN","$11,999",$395 mensuales con  Crédito 
194,electronica-y-tecnologia-li,"Barra de Sonido LG S80QR 5.1.3 canales con salida de Sonido Superior, Dolby Atmos® y Meridian","$10,895MXN","$23,570",$860 mensuales con  Crédito 
195,electronica-y-tecnologia-li,"Laptop Lenovo  IdeaPad Gaming 3 | Intel Core i5 (11va Gen) NVIDIA GeForce GTX 1650 4GB | Pantalla 15.6"" FHD 120 Hz | 16GB RAM, 512GB SSD | Teclado Iluminado","$18,499MXN","$24,999",$1460 mensuales con  Crédito 
196,electronica-y-tecnologia-li,"Pantalla Hisense 32"" HD 32A4KV Smart TV Vidaa","$3,295MXN","$4,799",$261 mensuales con  Crédito 
197,electronica-y-tecnologia-li,Samsung Galaxy Tab S9FE+ 256GB Lavanda,"$13,499MXN","$15,999",$1066 mensuales con  Crédito 
198,electronica-y-tecnologia-li,"Pantalla 55"" Samsung 4K Un55Cu8000Fxzx","$9,495MXN","$13,564",$750 mensuales con  Crédito 
199,electronica-y-tecnologia-li,"Laptop Lenovo IdeaPad Slim 3 | 15.6"" FHD Touchscreen, Intel Core i5 (13va Gen) 10 Núcleos, 8GB RAM + 512GB SSD | Cámara 1080 FHD Dolby Audio Windows 11","$16,499MXN","$19,999",$1303 mensuales con  Crédito 
200,electronica-y-tecnologia-li,"Pantalla SANSUI 43"" Roku, Full HD, Smart, SMX43P7FR","$3,999MXN","$7,999",$316 mensuales con  Crédito 
201,electronica-y-tecnologia-li,"Pantalla Hisense 40"" FHD 40A4HV Smart TV Vidaa","$4,395MXN","$6,799",$347 mensuales con  Crédito 
202,electronica-y-tecnologia-li,Laptop ASUS VivoBook Intel Core i5 12500H  K3502ZA-BQ032W 8G 512SSD Verde,"$17,799MXN","$18,999",$1405 mensuales con  Crédito 
203,electronica-y-tecnologia-li,Transmisor Google Tv Chromecast Hd Wifi Blanco Bluetooth ,$889MXN,"$1,399",$71 mensuales con  Crédito 
204,electronica-y-tecnologia-li,Pantalla TCL 43 pulgadas 4k UHD Roku TV 43s453,"$4,995MXN","$11,999",$395 mensuales con  Crédito 
205,electronica-y-tecnologia-li,Torre de sonido Super Bass Bost LG XBOOM RNC7 Bluetooth y 5 Bocinas de 3 vías,"$7,195MXN","$10,999",$568 mensuales con  Crédito 
206,electronica-y-tecnologia-li,"Pantalla Samsung 85"" Neo Qled 4K Qn85Qn85Cafxzx","$74,795MXN","$1,06,850",$5903 mensuales con  Crédito 
207,electronica-y-tecnologia-li,Pantalla Proyector Electrica 120' Blackout 16:9 Con Control,"$1,699MXN","$4,999",$135 mensuales con  Crédito 
208,electronica-y-tecnologia-li,Impresora Multifuncional Epson Ecotank L3210,"$4,799MXN","$5,799",$379 mensuales con  Crédito 
209,electronica-y-tecnologia-li,Ipad Mini Wi-Fi 64GB Gris 6ta Gen,"$11,629MXN",0,$918 mensuales con  Crédito 
210,electronica-y-tecnologia-li,"Barra de Sonido LG S40Q - 2.1 Canales, Dolby Audio con Subwoofer Inalámbrico","$4,495MXN","$7,569",$355 mensuales con  Crédito 
211,electronica-y-tecnologia-li,iPad  Apple   10th Generation 2022 A2696 10 9  64gb Azul,"$9,399MXN","$14,999",$742 mensuales con  Crédito 
212,electronica-y-tecnologia-li,Laptop Macbook Air 15 Mqkp3Ea M2 256Gb,"$29,969MXN","$33,299",$2366 mensuales con  Crédito 
213,electronica-y-tecnologia-li,Barra de Sonido Hw-T420Zx Samsung,"$2,379MXN","$3,799",$188 mensuales con  Crédito 
214,electronica-y-tecnologia-li,"Tablet Lenovo Tab M10 Plus 3rd Gen | 10"" 2K, 4GB + 128GB, 4 altavoces Dolby Atmos, , Android 12, Cámara de 8 MP, Memoria Expandible, incluye Folio Case","$5,599MXN","$6,999",$442 mensuales con  Crédito 
215,electronica-y-tecnologia-li,Bocina Portátil Inalámbrica LG XBOOM Go XG9 Resistente al Agua y Polvo,"$7,395MXN","$12,859",$584 mensuales con  Crédito 
216,electronica-y-tecnologia-li,Amazon Echo Pop Con Asistente Virtual Alexa Color Carbon,$699MXN,$999,$56 mensuales con  Crédito 
217,electronica-y-tecnologia-li,Roku Express Reproductor de Streaming HD,$599MXN,$899,$48 mensuales con  Crédito 
218,electronica-y-tecnologia-li,"Impresora Multifuncional Epson Ecotank L4260 conexión USB y Wi Fi, impresión automática a doble cara","$5,999MXN","$7,199",$474 mensuales con  Crédito 
219,electronica-y-tecnologia-li,"Tablet Hyundai HYtab Plus 10WB2, 10.1"" 800x1280 HD IPS, Allwinner A133, Andoird 11 Go edition, 3GB RAM, 32GB Storage, 5MP/8MP, WiFi, 6000mAh, Metal, Space Grey","$2,699MXN",0,$214 mensuales con  Crédito 
220,electronica-y-tecnologia-li,Audífonos Sony WH-CH520 bluetooth negro,"$1,529MXN",0,$121 mensuales con  Crédito 
221,electronica-y-tecnologia-li,"Pantalla 50"" Samsung 4K Un50Cu8000Fxzx","$6,995MXN","$9,993",$553 mensuales con  Crédito 
222,electronica-y-tecnologia-li,"Pantalla LG 43"" NanoCell 4K SMART TV con ThinQ AI 43NANO77SRA","$8,595MXN","$15,999",$679 mensuales con  Crédito 
223,electronica-y-tecnologia-li,Impresora Multifuncional Epson Ecotank L3251 conexión USB y Wi Fi,"$5,499MXN","$6,499",$434 mensuales con  Crédito 
224,electronica-y-tecnologia-li,Microsoft 365 Family,"$1,799MXN",0,$142 mensuales con  Crédito 
225,electronica-y-tecnologia-li,"Tablet Hyundai HYtab Pro 8LA1, 8"" FHD IPS, Octa-Core Processor, Android 11, 4GB RAM, 64GB Storage, 5MP/13MP, LTE, Black","$2,499MXN",0,$198 mensuales con  Crédito 
226,electronica-y-tecnologia-li,Bocina Bluetooth Portátil LG XBOOM Go XG5 A prueba de Agua y Polvo,"$2,395MXN","$3,999",$190 mensuales con  Crédito 
227,electronica-y-tecnologia-li,Impresora Láser Monocromática HL-1212W de 21 ppm con WiFi,"$2,099MXN","$2,199",$166 mensuales con  Crédito 
228,electronica-y-tecnologia-li,Roku Streaming Stick 4K,"$1,299MXN","$1,499",$103 mensuales con  Crédito 
229,electronica-y-tecnologia-li,"Tablet Lenovo Tab M10 3rd Gen | 10.1"" WUXGA, 4GB + 64GB, Cámara 8MP, dos altavoces Dolby Atmos, Memoria Expandible, Android 11","$4,699MXN","$4,999",$371 mensuales con  Crédito 
230,electronica-y-tecnologia-li,"Pantalla 70"" LG Uhd 4K Smart Tv 70Ur8750Psa+ Accesorios","$18,564MXN",0,$1466 mensuales con  Crédito 
231,electronica-y-tecnologia-li,Bocina Bluetooth Portátil Inalámbrica LG XBOOM Go PL2,$895MXN,"$2,145",$71 mensuales con  Crédito 
232,electronica-y-tecnologia-li,"Roku Express 4K | Dispositivo de streaming HD, 4K y HDR",$999MXN,"$1,199",$79 mensuales con  Crédito 
233,electronica-y-tecnologia-li,Pantalla JVC 50 Pulgadas Roku TV 4K Frameless SI50URF,"$6,809MXN","$10,559",$538 mensuales con  Crédito 
234,electronica-y-tecnologia-li,Audífonos Apple AirPods Pro 2 Generación con estuche de,"$4,699MXN","$5,399",$371 mensuales con  Crédito 
235,electronica-y-tecnologia-li,"Pantalla Samsung 65"" 4K Un65Cu8000Fxzx","$12,995MXN","$18,564",$1026 mensuales con  Crédito 
236,electronica-y-tecnologia-li,Cámara Canon T7 EF-S 18-55 IS,"$9,999MXN","$14,999",$790 mensuales con  Crédito 
237,electronica-y-tecnologia-li,Pantalla Daewoo LED Roku TV 32 Pulgadas DAW32R,"$3,309MXN","$4,879",$262 mensuales con  Crédito 
238,electronica-y-tecnologia-li,"Monitor Hyundai 23,8"" HT24FOMBK01 FHD","$2,499MXN",0,$198 mensuales con  Crédito 
239,electronica-y-tecnologia-li,Pantalla Daewoo 50 Pulgadas Smart TV Roku HD DAW50UR Ultra HD 4K,"$6,779MXN","$7,999",$535 mensuales con  Crédito 
240,electronica-y-tecnologia-li,TV JVC 32 PULGADAS BASICA HD LED SI32H,"$2,759MXN","$3,949",$218 mensuales con  Crédito 
241,electronica-y-tecnologia-li,"Monitor Gamer Samsung Curvo 24"" FHD VGA / HDMI 60Hz Nuevo","$2,499MXN","$3,999",$198 mensuales con  Crédito 
242,electronica-y-tecnologia-li,Google Chromecast Con Google Tv Hd Color Blanco,$889MXN,$999,$71 mensuales con  Crédito 
243,electronica-y-tecnologia-li,Apple AirPods Pro Blanco (Open Box),"$4,999MXN","$5,750",$395 mensuales con  Crédito 
244,electronica-y-tecnologia-li,Audífonos Beats Studio Buds Rojo,"$2,949MXN","$3,299",$233 mensuales con  Crédito 
245,electronica-y-tecnologia-li,"Pantalla 43"" Samsung 4K Un43Cu8000Fxzx","$8,495MXN","$12,136",$671 mensuales con  Crédito 
246,electronica-y-tecnologia-li,Apple HomePod Mini Gris Espacial,"$2,299MXN","$2,599",$182 mensuales con  Crédito 
247,electronica-y-tecnologia-li,Cámara GoPro HERO12 Black,"$6,999MXN","$8,299",$553 mensuales con  Crédito 
248,electronica-y-tecnologia-li,Pantalla TCL 55 pulgadas  Smart TV 4K UHD Roku TV modelo  55S443-MX,"$7,619MXN","$13,039",$602 mensuales con  Crédito 
249,electronica-y-tecnologia-li,TV 32 Pulgadas JVC SI32RF 32 Pulgadas HD Smart TV LED,"$3,909MXN","$5,229",$309 mensuales con  Crédito 
250,videojuegos-li,Consola Playstation 5 Edición Estándar,"$11,999MXN","$16,499",$947 mensuales con  Crédito 
251,videojuegos-li,MICROSOFT XBOX SERIES S 512GB SSD BLANCO ,"$5,399MXN","$7,999",$427 mensuales con  Crédito 
252,videojuegos-li,Consola Xbox Series S 1TB SSD Carbon Black,"$8,399MXN",0,$663 mensuales con  Crédito 
253,videojuegos-li,Consola PlayStation 5 Estándar - Pack Marvels Spider-Man 2,"$13,999MXN","$14,399",$1105 mensuales con  Crédito 
254,videojuegos-li,Consola Nintendo Switch Mario Kart 8 Deluxe Bundle,"$6,699MXN","$8,149",$529 mensuales con  Crédito 
255,videojuegos-li,Consola Xbox Series X 1TB,"$12,999MXN",0,$1026 mensuales con  Crédito 
256,videojuegos-li,Consola Xbox Series S Starter 512GB + Game Pass,"$6,999MXN",0,$553 mensuales con  Crédito 
257,videojuegos-li,Consola Playstation 5 Edición Digital,"$9,629MXN","$12,499",$760 mensuales con  Crédito 
258,videojuegos-li,Consola Xbox Series X 1 TB Negro,"$10,689MXN","$18,999",$844 mensuales con  Crédito 
259,videojuegos-li,Consola Xbox Series S 512GB (1 control) Blanco,"$6,999MXN",0,$553 mensuales con  Crédito 
260,videojuegos-li,Consola Nintendo Switch Oled White (version nacional),"$7,499MXN","$10,459",$592 mensuales con  Crédito 
261,videojuegos-li,Bundle de Horizon Call of the Mountain para PlayStation VR2,"$15,499MXN","$17,399",$1224 mensuales con  Crédito 
262,videojuegos-li,VALVE STEAM DECK 64GB NEGRO,"$8,899MXN","$16,399",$703 mensuales con  Crédito 
263,videojuegos-li,Consola Nintendo Switch Oled Mario,"$7,799MXN","$9,399",$616 mensuales con  Crédito 
264,videojuegos-li,Consola Xbox Series S 512GB + Razer Blacks,"$7,999MXN",0,$632 mensuales con  Crédito 
265,videojuegos-li,Consola Nintendo Switch Lite Iae Animal Crossing,"$4,499MXN","$5,449",$356 mensuales con  Crédito 
266,videojuegos-li,Consola Xbox Series S 512 GB Blanco con 3 Meses de GAME PASS,"$6,299MXN","$6,999",$498 mensuales con  Crédito 
267,videojuegos-li,Bundle PS4  God of War Ragnarok,"$8,699MXN","$9,499",$687 mensuales con  Crédito 
268,videojuegos-li,Consola Playstation 5 Estandar Bundle Spider Man 2 - Game Center,"$12,549MXN","$12,649",$991 mensuales con  Crédito 
269,videojuegos-li,Consola Nintendo Switch Lite Turquoise (version nacional),"$4,399MXN","$6,099",$348 mensuales con  Crédito 
270,videojuegos-li,PlayStation VR2 PS5,"$14,499MXN","$15,999",$1145 mensuales con  Crédito 
271,videojuegos-li,Consola Nintendo Switch 1.1 Neon (Version Nacional),"$6,499MXN","$9,199",$513 mensuales con  Crédito 
272,videojuegos-li,Nintendo Switch Super Mario Bros Wonder,"$1,199MXN","$1,439",$95 mensuales con  Crédito 
273,videojuegos-li,FIFA 23 - Xbox One,$649MXN,0,$52 mensuales con  Crédito 
274,videojuegos-li,NSW Mario Kart 8 Deluxe,"$1,199MXN","$1,439",$95 mensuales con  Crédito 
275,videojuegos-li,Control PS4 Jet Black,"$1,499MXN",0,$119 mensuales con  Crédito 
276,videojuegos-li,Control Inalámbrico Blanco Xbox (Compatible con Xbox One),"$1,499MXN",0,$119 mensuales con  Crédito 
277,videojuegos-li,Control Nintendo Switch Joy-con L R  Neon,"$2,099MXN","$2,299",$166 mensuales con  Crédito 
278,videojuegos-li,Control Inalámbrico Ps5 Dualsense,"$1,699MXN",0,$135 mensuales con  Crédito 
279,videojuegos-li,NSW Super Mario Odyssey,"$1,199MXN","$1,439",$95 mensuales con  Crédito 
280,videojuegos-li,"PS4, Dualshock 4 Magma Red","$1,599MXN","$1,799",$127 mensuales con  Crédito 
281,videojuegos-li,NSW Super Smash Bros Ultimate,"$1,199MXN","$1,439",$95 mensuales con  Crédito 
282,videojuegos-li,Videojuego NSW The Legend Of Zelda Tears Of The Kingdom,"$1,399MXN","$1,599",$111 mensuales con  Crédito 
283,videojuegos-li,Videojuego NSW Pokemon Violet,"$1,099MXN","$1,399",$87 mensuales con  Crédito 
284,videojuegos-li,Control PS5 Dualsense STARLIGHT BLUE,"$1,699MXN",0,$135 mensuales con  Crédito 
285,videojuegos-li,VALVE STEAM DECK 256GB NEGRO,"$11,599MXN","$16,999",$916 mensuales con  Crédito 
286,videojuegos-li,Consola PlayStation 5 - Standard Edition,"$12,999MXN",0,$1026 mensuales con  Crédito 
287,videojuegos-li,Control Nintendo Switch Pro Controller,"$1,799MXN","$1,999",$142 mensuales con  Crédito 
288,hogar-y-jardin-li,Colchón Matrimonial Restonic Luxury Random Ortopédico Con Colchoneta PILLOW TOP,"$3,499MXN","$9,999",$277 mensuales con  Crédito 
289,hogar-y-jardin-li,Colchón Matrimonial Spring Air Smith + Almohadas + Sabanas + Protector,"$5,249MXN","$12,499",$415 mensuales con  Crédito 
290,hogar-y-jardin-li,Lavadora Mabe Carga Superior 20Kg Lma70215Wbab0 Blanca,"$10,499MXN","$18,599",$829 mensuales con  Crédito 
291,hogar-y-jardin-li,Lavadora Automática Midea 17 Kgs. Blanca con Silver,"$6,549MXN","$12,999",$517 mensuales con  Crédito 
292,hogar-y-jardin-li,"Sofá Cama Reclinable Vegas Lino Gris Oxford Futon 3 Posiciones, El Bazar Store ","$2,999MXN","$4,999",$237 mensuales con  Crédito 
293,hogar-y-jardin-li,Colchón King Size Restonic Crosby Con Mega Colchoneta Para Descanso Premium,"$6,899MXN","$13,579",$545 mensuales con  Crédito 
294,hogar-y-jardin-li,Refrigerador Mabe Congelador Superior 11 Ft Rma300Fjmrm0 Inoxidable Mate,"$10,599MXN","$14,999",$837 mensuales con  Crédito 
295,hogar-y-jardin-li,Lavadora Mabe 2 Tinas 18Kg Lmdx8124Hbab0 Blanca,"$6,899MXN","$10,299",$545 mensuales con  Crédito 
296,hogar-y-jardin-li,Parrilla de Gas 6 Quemadores Empotrable Acero Inoxidable Gutstark,"$2,399MXN","$7,099",$190 mensuales con  Crédito 
297,hogar-y-jardin-li,Lavadora Carga Superior 18 Kg 8Mwtw1823Wjm Whirlpool,"$8,399MXN","$16,999",$663 mensuales con  Crédito 
298,hogar-y-jardin-li,"Sofa Cama Paris 3 Posiciones, Brazos Movibles, Oxford, El Bazar Store ","$3,399MXN","$5,999",$269 mensuales con  Crédito 
299,hogar-y-jardin-li,SOFA CAMA MATRIMONIAL BILBAO ENTREGA VALIDA EN LA CIUDAD DE MÉXICO Y CIERTOS MUNICIPIOS ,"$6,229MXN","$9,299",$492 mensuales con  Crédito 
300,hogar-y-jardin-li,Refrigerador Mabe Congelador Superior 11P Rma300Fzmrx0,"$11,099MXN","$15,499",$876 mensuales con  Crédito 
301,hogar-y-jardin-li,Lavadora LG Carga Superior Doble Tina con Sistema Sin Aspas Roller- Jet 18Kg Gris Oxford-Wp18Mar,"$9,299MXN","$11,099",$734 mensuales con  Crédito 
302,hogar-y-jardin-li,Parrilla de Gas Gutstark Cristal Templado Empotrable 4 Quemadores,"$1,599MXN","$3,999",$127 mensuales con  Crédito 
303,hogar-y-jardin-li,Refrigerador Top Mount Midea 10 P3 Inoxidable Mdrt280Windxw,"$8,399MXN","$14,499",$663 mensuales con  Crédito 
304,hogar-y-jardin-li,Lavadora Midea Blanca Doble Tina 15Kg Mt100W150,"$4,349MXN","$7,899",$344 mensuales con  Crédito 
305,hogar-y-jardin-li,Colchón Individual Restonic Antibacterial Ortopédico Oferta Especial Colchoneta PILLOW TOP,"$2,769MXN","$6,899",$219 mensuales con  Crédito 
306,hogar-y-jardin-li,Horno de Microondas Lg Neochef 1.5 Ft Ms1597Dis,"$2,859MXN","$4,499",$226 mensuales con  Crédito 
307,hogar-y-jardin-li,Lavadora Carga Superior 20 Kg Blanca Mmvwc465Jw Maytag,"$12,999MXN","$23,999",$1026 mensuales con  Crédito 
308,hogar-y-jardin-li,Colchón Matrimonial Restonic Crosby Con Mega Colchoneta Para Descanso Premium,"$4,999MXN","$9,749",$395 mensuales con  Crédito 
309,hogar-y-jardin-li,Refrigerador Mabe con Congelador Superior 14 Ft Rme360Fzmrp0 Black Stainless Steel,"$12,699MXN","$19,999",$1003 mensuales con  Crédito 
310,hogar-y-jardin-li,Refrigerador Semiautomático 1 Pta. 7 P. Jazz Black Midea,"$6,099MXN","$9,899",$482 mensuales con  Crédito 
311,hogar-y-jardin-li,Refrigerador LG French Door  Smart Inverter con Door Cooling 29 Pies³  Platino- Gm29Bip,"$23,299MXN","$39,999",$1839 mensuales con  Crédito 
312,hogar-y-jardin-li,Estufa Palermo Koblenz,"$12,999MXN","$18,799",$1026 mensuales con  Crédito 
313,hogar-y-jardin-li,Refrigerador LG Duplex Instaview Door-In-Door Linear Inverter con Wifi Thinq 27 Pies3 Platino  Vs27Bxqp,"$25,699MXN","$43,999",$2029 mensuales con  Crédito 
314,hogar-y-jardin-li,Estufa Verona Koblenz,"$10,699MXN","$15,299",$845 mensuales con  Crédito 
315,hogar-y-jardin-li,Lavadora Mabe Carga Superior 22Kg Lma72215Wbab1 Blanca,"$11,499MXN","$20,699",$908 mensuales con  Crédito 
316,hogar-y-jardin-li,Lavadora Carga Superior Whirlpool 20Kg 8Mwtw2024Wjm Blanca,"$10,299MXN","$18,799",$813 mensuales con  Crédito 
317,hogar-y-jardin-li,Colchón Individual Restonic Luxury Random Ortopédico Con Colchoneta PILLOW TOP,"$2,799MXN","$5,999",$221 mensuales con  Crédito 
318,hogar-y-jardin-li,Licuadora Nutri Procesador Natural Bullet Extractor,$849MXN,"$1,299",$68 mensuales con  Crédito 
319,hogar-y-jardin-li,Horno de Microondas Samsung 1.1 Pies,"$2,799MXN","$4,199",$221 mensuales con  Crédito 
320,hogar-y-jardin-li,Colchón Restonic King Size Santino Anti-Ácaros Ortopédico Confort Con Colchoneta PILLOW TOP,"$4,699MXN","$9,999",$371 mensuales con  Crédito 
321,hogar-y-jardin-li,Colchón Matrimonial América Gabana Ortopédico Súper Confort ,"$3,799MXN","$12,590",$300 mensuales con  Crédito 
322,hogar-y-jardin-li,Horno de Microondas 1.4 Ms402Madxbb/ax Samsung,"$2,999MXN","$4,999",$237 mensuales con  Crédito 
323,hogar-y-jardin-li,Lavasecadora Lg Carga Frontal 12Kg Wd12Wvc4S6 Blanca,"$11,999MXN","$20,699",$947 mensuales con  Crédito 
324,hogar-y-jardin-li,Lavadora Whirlpool Carga Superior 21Kg Ww21Btahme Negro,"$11,999MXN","$19,999",$947 mensuales con  Crédito 
325,hogar-y-jardin-li,Refrigerador Mabe 15 Pies Acero Inoxidable Bottom Mountcon Despachador Jaladera Iluminada,"$16,999MXN","$24,299",$1342 mensuales con  Crédito 
326,hogar-y-jardin-li,Escritorio Minimalista Metalico Hogar u Oficina Estacion Trabajo ,"$1,299MXN","$3,299",$103 mensuales con  Crédito 
327,hogar-y-jardin-li,Colchón Matrimonial Restonic Luxury Random Ortopedico Con Colchoneta PILLOW TOP+ 2 ALMOHADAS DE REGALO,"$3,699MXN","$9,019",$292 mensuales con  Crédito 
328,hogar-y-jardin-li,LAVADORA AUTOMÁTICA MIRAGE LMA017D 17 KG ENDY ENTREGA SÓLO VÁLIDA EN LA CIUDAD DE MÉXICO Y ZONA METROPOLITANA,"$7,259MXN","$13,369",$573 mensuales con  Crédito 
329,hogar-y-jardin-li,Refrigerador Mabe Congelador Inferior 11 Pies Negro Rmb300Izmrp0,"$14,099MXN","$21,999",$1113 mensuales con  Crédito 
330,hogar-y-jardin-li,Refrigerador LG French Door Linear Inverter con Dispensador de Agua 22 Pies Acero  Gf22Wgs,"$26,799MXN","$38,999",$2115 mensuales con  Crédito 
331,hogar-y-jardin-li,Horno de Microondas Whirlpool 1.1 P3 Wm2811D Silver,"$3,999MXN","$4,999",$316 mensuales con  Crédito 
332,hogar-y-jardin-li,"Estufa Mabe 30 "" Color  Silver Gas Lp / Natural Emh7602Js0","$9,499MXN","$15,499",$750 mensuales con  Crédito 
333,hogar-y-jardin-li,REFRIGERADOR 28 PIES FOOD SHOW CASE COLOR NEGRO MARCA SAMSUNG,"$61,404MXN","$85,966",$4847 mensuales con  Crédito 
334,hogar-y-jardin-li,Centro de Lavado a Gas 20 Kg  Whirlpool,"$42,099MXN",0,$3323 mensuales con  Crédito 
335,hogar-y-jardin-li,Lavadora Mabe Carga Superior 19Kg Lmx79114Wbab0 Blanca,"$9,599MXN","$17,799",$758 mensuales con  Crédito 
336,hogar-y-jardin-li,Refrigerador Samsung Side By Side Family Hub 22Ft Rs22T5561S9/em Silver,"$36,499MXN","$54,999",$2881 mensuales con  Crédito 
337,hogar-y-jardin-li,Refrigerador Top Mount 17 P3 Silver Whirlpool,"$13,649MXN","$21,199",$1078 mensuales con  Crédito 
338,hogar-y-jardin-li,Máquina de coser Singer mecanica de 6 puntadas m1605,"$3,899MXN","$5,599",$308 mensuales con  Crédito 
339,hogar-y-jardin-li,Colchón Original Plus Hb Matrimonial Luuna,"$11,989MXN","$21,799",$947 mensuales con  Crédito 
340,hogar-y-jardin-li,Colchón Individual Silc Venue Dormez Ortopédico Con Colchoneta PILLOW TOP,"$2,499MXN","$6,199",$198 mensuales con  Crédito 
341,hogar-y-jardin-li,Refrigerador Mabe Congelador Inferior 15 Ft Rmb400Imrp0 Negro,"$16,999MXN","$26,499",$1342 mensuales con  Crédito 
342,hogar-y-jardin-li,Colchón y Box Queen Size Dormez Black Confort +2 ALMOHADAS DE REGALO ¨SUPER OFERTA¨,"$6,599MXN","$18,199",$521 mensuales con  Crédito 
343,hogar-y-jardin-li,Refrigerador LG Top Mount Smart Inverter con Multi-Air Flow 20 Pies Acero  Lt57Bpsx,"$14,799MXN","$24,699",$1168 mensuales con  Crédito 
344,hogar-y-jardin-li,"AIRE MINISPLIT MIRAGE SETCHF120S NEX SOLO FRIO 110V 12,000 BTUS ENDY30","$6,109MXN","$8,999",$483 mensuales con  Crédito 
345,hogar-y-jardin-li,Lavadoras Samsung Carga Superior  19 Kg Wa19A3351Gy Gris,"$11,299MXN","$18,499",$892 mensuales con  Crédito 
346,hogar-y-jardin-li,Refrigerador Mabe Congelador Superior 19 P3 Rms510Ivmrm0,"$14,099MXN","$20,999",$1113 mensuales con  Crédito 
347,hogar-y-jardin-li,"AIRE MINISPLIT MIRAGE SETCHC120S NEX FRIO/CALOR 110V 12,000 BTUS ENDY30","$6,379MXN","$9,999",$504 mensuales con  Crédito 
348,hogar-y-jardin-li,Colchón Queen Size Restonic Crosby Con Mega Colchoneta Para Descanso Premium,"$5,399MXN","$10,519",$427 mensuales con  Crédito 
349,hogar-y-jardin-li,Lavadora Dos Tinas Acros 16 Kg Blanco ALD1645JE,"$5,299MXN","$7,399",$419 mensuales con  Crédito 
350,hogar-y-jardin-li,Lavadora Koblenz Doble Tina 19Kg Ldm-19B,"$7,299MXN","$8,599",$577 mensuales con  Crédito 
351,hogar-y-jardin-li,Congelador Horizontal Midea Blanco 7 P,"$6,099MXN","$10,599",$482 mensuales con  Crédito 
352,hogar-y-jardin-li,Refrigerador Samsung  Rf32Cg5N10S9Em Fdr 31.5 Ft Silver,"$27,499MXN","$44,299",$2171 mensuales con  Crédito 
353,hogar-y-jardin-li,Colchón King Size Spring Air Smith + Almohadas,"$6,299MXN","$12,350",$498 mensuales con  Crédito 
354,hogar-y-jardin-li,"Kit 2 Ventiladores 18"" Metalicos 3 en 1 Pared Pedestal Piso 1.3 Mt Altura 3 Velocidades","$1,299MXN","$2,999",$103 mensuales con  Crédito 
355,hogar-y-jardin-li,Colchón Con Box Matrimonial PresToon Serta Ortopédico Comfort Foam + Protector Matrimonial + Juego Ligero de Sábanas + 2 ALMOHADAS DE REGALO ¨SUPER OFERTA¨,"$6,899MXN","$12,199",$545 mensuales con  Crédito 
356,hogar-y-jardin-li,COLCHON RESTONIC NEXUS INDIVIDUAL ,"$2,499MXN","$5,179",$198 mensuales con  Crédito 
357,hogar-y-jardin-li,Colchón y Box King Size Sweet Moby Sealy Ortopédico,"$16,899MXN","$34,099",$1334 mensuales con  Crédito 
358,hogar-y-jardin-li,Colchón Original Plus Hb Queen Size Luuna,"$13,009MXN","$23,649",$1027 mensuales con  Crédito 
359,hogar-y-jardin-li,Sofá Cama Reclinable Vegas Lino Azul Marino Futon 3 Posiciones,"$2,999MXN","$5,999",$237 mensuales con  Crédito 
360,hogar-y-jardin-li,Freidora de Aire Oster 6.8 Lts,"$2,799MXN",0,$221 mensuales con  Crédito 
361,hogar-y-jardin-li,"Sala Modular Corbel - En ""U"", 4 Salas en 1, Sala Esquinera, El Bazar Store","$12,999MXN","$14,999",$1026 mensuales con  Crédito 
362,hogar-y-jardin-li,Colchón y Box Matrimonial América Gabana Ortopédico Súper Confort,"$6,499MXN","$9,319",$513 mensuales con  Crédito 
363,hogar-y-jardin-li,"Sala Esquinera Ares 215x165 cm, Lado izquierdo o derecho, Lino nacional Oxford, El Bazar Store ","$6,499MXN","$9,999",$513 mensuales con  Crédito 
364,hogar-y-jardin-li,Estufa De’Longhi Vintage de Piso Inox 90 Cm,"$29,979MXN","$54,999",$2366 mensuales con  Crédito 
365,hogar-y-jardin-li,Refrigerador Samsung Bespoke Congelador Inferior 12P Rb33A3070Ap Sfte,"$21,599MXN","$38,999",$1705 mensuales con  Crédito 
366,hogar-y-jardin-li,Restirador Madera Profesional Mesa De Dibujo Altura Ajustable,"$2,739MXN","$6,899",$217 mensuales con  Crédito 
367,hogar-y-jardin-li,Máquina de Coser Overlock Brother,"$5,999MXN","$7,799",$474 mensuales con  Crédito 
368,hogar-y-jardin-li,Secadora Automática Carga Frontal 22 Kg Blanca Mabe,"$10,999MXN","$18,299",$869 mensuales con  Crédito 
369,hogar-y-jardin-li,Estufa de Piso Silver Acero Inoxidable Whirlpool,"$11,759MXN","$14,699",$929 mensuales con  Crédito 
370,hogar-y-jardin-li,Lavadora Carga Frontal 18kg 7MWFW560CHW,"$20,999MXN","$26,999",$1658 mensuales con  Crédito 
371,hogar-y-jardin-li,Torre de Lavado LG Washtower Carga Frontal Lavadora y Secadora Inverter Ai Dd con Conectividad LG Thinq 22Kg / 22Kg Wk22Ws6 Blanca,"$35,999MXN","$71,999.01",$2842 mensuales con  Crédito 
372,hogar-y-jardin-li,Parrila de inducción de 4 quemadores Ecocinare - Negro,"$4,799MXN","$4,999",$379 mensuales con  Crédito 
373,hogar-y-jardin-li,Refrigerador 13P con Congelador Superior Rt35A571Js9 Silver Samsung,"$11,999MXN","$17,799",$947 mensuales con  Crédito 
374,hogar-y-jardin-li,Refrigerador Whirlpool 9 pies Top Mount Xpert Inverter con Dispensador Gris WT32209D,"$8,999MXN","$11,499",$711 mensuales con  Crédito 
375,hogar-y-jardin-li,Colchón y Box Matrimonial Sweet Moby Sealy Ortopédico,"$11,799MXN","$23,099",$932 mensuales con  Crédito 
376,hogar-y-jardin-li,Refrigerador Top Mount Samsung 14 P Twin Cooling Rt38A5930Bs/em Negro,"$13,499MXN","$20,299",$1066 mensuales con  Crédito 
377,hogar-y-jardin-li,Base Box Matrimonial Gamma Tacto Chocolate con Patas,"$2,999MXN","$6,790",$237 mensuales con  Crédito 
378,hogar-y-jardin-li,Colchón Matrimonial Leyen Nova Restonic Ortopédico Con Colchoneta PILLOW TOP +Edredón Ligero + Protector Matrimonial + 2 ALMOHADAS DE REGALO,"$4,999MXN","$12,099",$395 mensuales con  Crédito 
379,hogar-y-jardin-li,Colchón Original Plus Hb King Size Luuna,"$17,489MXN","$31,799",$1381 mensuales con  Crédito 
380,hogar-y-jardin-li,Lavadora Blanca Carga Superior Dual Whirlpool 18Kg  Wwh18Ataln,"$12,499MXN","$20,999",$987 mensuales con  Crédito 
381,hogar-y-jardin-li,Colchón y Box Matrimonial Dormez Visión Evolution Ortopédico,"$6,499MXN","$10,299",$513 mensuales con  Crédito 
382,hogar-y-jardin-li,E Cocinare - Parrilla doble de Inducción Magnética Touch,"$2,399MXN","$3,499",$190 mensuales con  Crédito 
383,hogar-y-jardin-li,Colchón Individual Restonic Luxury Random Ortopédico Con Colchoneta PILLOW TOP ,"$2,799MXN","$7,999",$221 mensuales con  Crédito 
384,hogar-y-jardin-li,E Cocinare - Parrilla Doble de  Inducción Magnética,"$1,799MXN","$2,699",$142 mensuales con  Crédito 
385,hogar-y-jardin-li,Lavadora Carga Superior Whirlpool 16kg Xpert System 8MWTW1612MJQ Blanco,"$7,999MXN","$10,899",$632 mensuales con  Crédito 
386,hogar-y-jardin-li,Lavadora Mabe  Carga Superior 19Kg Lmx79114Wdab0 Daymond Gray,"$10,599MXN","$17,999",$837 mensuales con  Crédito 
387,hogar-y-jardin-li,Máquina de coser Singer mecanica de 23 puntadas m3405,"$5,399MXN","$7,908",$427 mensuales con  Crédito 
388,hogar-y-jardin-li,Colchón Individual Dormez Black Confort +2 ALMOHADAS DE REGALO ¨SUPER OFERTA¨,"$2,799MXN","$9,149",$221 mensuales con  Crédito 
389,hogar-y-jardin-li,Licuadora Nutri Procesador Natural Bullet Extractor 1000W,"$1,249MXN","$2,399",$99 mensuales con  Crédito 
390,hogar-y-jardin-li,Frigobar Dos Puertas Midea Silver 3 Pies Mdrt87Ccdls,"$4,499MXN","$7,999",$356 mensuales con  Crédito 
391,hogar-y-jardin-li,Estufa de gas empotrable - 4 quemadores cristal,"$1,899MXN","$2,799",$150 mensuales con  Crédito 
392,hogar-y-jardin-li,Lavadora dos tinas Acros 10kg ALD1035JE Blanco con vistas grises,"$3,799MXN","$5,599",$300 mensuales con  Crédito 
393,hogar-y-jardin-li,LAVADORA HISENSE WSA1301P 13KG DOBLE TINA BLANCA ORTY**,"$5,059MXN","$7,999",$400 mensuales con  Crédito 
394,hogar-y-jardin-li,Colchón Matrimonial Leen Restonic Ortopédico Descanso Premium,"$3,699MXN","$10,219",$292 mensuales con  Crédito 
395,hogar-y-jardin-li,Mesa Plegable 180cm x 70cm x 74cm  Plástico Portátil Tipo Portafolio - Blanco,"$1,099MXN","$1,499",$87 mensuales con  Crédito 
396,hogar-y-jardin-li,AIRE ACONDICIONADOR  18000 BTUA INVERTER FRIO/CALOR WIND FREE SAMSUNG,"$14,816MXN","$20,742",$1170 mensuales con  Crédito 
397,hogar-y-jardin-li,Máquina de coser Singer mecanica de 12 puntadas promise 1412,"$3,999MXN","$5,796",$316 mensuales con  Crédito 
398,hogar-y-jardin-li,Aire acond 18000 btus inverter excellence wifi 19 seer samsung,"$14,706MXN","$20,588",$1161 mensuales con  Crédito 
399,hogar-y-jardin-li,Juego Sartenes Stone Antiadherentes Tefal Zafiro Flavor Pan,"$1,199MXN","$1,999",$95 mensuales con  Crédito 
400,hogar-y-jardin-li,Estufa de Empotre Bolonia Gris Koblenz,"$11,399MXN","$16,299",$900 mensuales con  Crédito 
401,hogar-y-jardin-li,Colchón y Box Queen Size América Gabana Ortopédico Súper Confort,"$7,599MXN","$19,809",$600 mensuales con  Crédito 
402,hogar-y-jardin-li,Combo Buen Fin Mabe Estufa 30 Cms Emh7612Js0 Y Campana Cmpu761Gx0,"$12,499MXN","$17,999",$987 mensuales con  Crédito 
403,hogar-y-jardin-li,Estufa Mabe 30 Cms Plata Mercury Em7654Bfis2,"$13,499MXN",0,$1066 mensuales con  Crédito 
404,hogar-y-jardin-li,Refrigerador Duplex Bespoke Rs28Cb760A12Em Sbs 28Ft,"$30,499MXN","$49,999",$2407 mensuales con  Crédito 
405,hogar-y-jardin-li,Lavadora dos tinas Acros 13kg ALD1335JE Blanco,"$4,099MXN","$6,099",$324 mensuales con  Crédito 
406,hogar-y-jardin-li,Mesa Plegable de plástico de 180cm Tipo Portafolio -textura tipo mimbre,"$1,449MXN","$1,699",$115 mensuales con  Crédito 
407,hogar-y-jardin-li,"Sofá Cama Reclinable Paris Terciopelo Rosa, Brazos movibles, Futon 3 Posiciones Barbie El Bazar Store","$3,399MXN","$4,999",$269 mensuales con  Crédito 
408,hogar-y-jardin-li,Colchón y Box King Size Allegro Spring Air Ortopédico con Colchoneta PILLOW TOP,"$27,099MXN",0,$2139 mensuales con  Crédito 
409,hogar-y-jardin-li,"Sofa Cama Vegas Lino Negro, El Bazar Store, Reclinable 3 posiciones","$2,999MXN","$4,999",$237 mensuales con  Crédito 
410,hogar-y-jardin-li,Horno de Microondas LG Neochef Smart Inverter con Easyclean y Grill 1.5 Pies3 Plata Mh1596Cir,"$3,779MXN","$6,299",$299 mensuales con  Crédito 
411,hogar-y-jardin-li,Mesa Plegable 240cm x 76cm x 74cm  Plástico Portátil Tipo Portafolio - Blanco,"$1,499MXN","$2,999",$119 mensuales con  Crédito 
412,hogar-y-jardin-li,Parrilla Gas 4 Quemadores Acero Inox Hogar Empotrable Cocina,"$1,849MXN","$3,999",$146 mensuales con  Crédito 
413,hogar-y-jardin-li,COLCHON RESTONIC NEXUS MATRIMONIAL ENTREGA SÓLO VÁLIDA EN LA CIUDAD DE MÉXICO Y ZONA METROPOLITANA,"$2,999MXN","$5,299",$237 mensuales con  Crédito 
414,hogar-y-jardin-li,Lavadora Midea Automática Blanca 23 Kgs Midea,"$9,899MXN","$18,199",$782 mensuales con  Crédito 
415,hogar-y-jardin-li,Colchón Matrimonial Nooz Control,"$5,059MXN","$9,199",$400 mensuales con  Crédito 
416,hogar-y-jardin-li,Refrigerador Mabe Congelador Inferior 11Ft Rmb300Izrmx0,"$14,099MXN","$21,999",$1113 mensuales con  Crédito 
417,hogar-y-jardin-li,Colchón Y Box King Size Sealy Celebration,"$24,739MXN","$61,099",$1953 mensuales con  Crédito 
418,hogar-y-jardin-li,"Licuadora Ninja Professional-Plus BN701 3 programas inteligentes, 2.1L, 1.3 hp, gris ","$2,499MXN","$2,599",$198 mensuales con  Crédito 
419,hogar-y-jardin-li,TANQUE ESTACIONARIO CYTSA 100 L ,"$6,509MXN","$7,605",$514 mensuales con  Crédito 
420,hogar-y-jardin-li,Parrilla de gas de 2 quemadores de cristal - Ecocinare,"$1,259MXN","$1,999",$100 mensuales con  Crédito 
421,hogar-y-jardin-li,Lavadora Samsung Carga Superior 21Kg Wa21B3544Gv Negro,"$13,799MXN","$20,799",$1090 mensuales con  Crédito 
422,hogar-y-jardin-li,E Cocinare - Parrilla individual de Inducción Magnética.,$829MXN,"$1,399",$66 mensuales con  Crédito 
423,hogar-y-jardin-li,Colchón Matrimonial Visión Evolution Dormez Ortopédico + 2 ALMOHADAS DE REGALO,"$3,499MXN","$8,199",$277 mensuales con  Crédito 
424,hogar-y-jardin-li,Parrilla de gas de 2 quemadores de acero - Ecocinare,"$1,249MXN","$1,999",$99 mensuales con  Crédito 
425,hogar-y-jardin-li,Horno de Microondas LG Neochef Smart Inverter con Easyclean 1.5 Pies3 Negro Ms1536Gis,"$2,999MXN","$4,999",$237 mensuales con  Crédito 
426,hogar-y-jardin-li,Colchón Restonic Fantastic Matrimonial Oferta,"$3,499MXN","$8,809",$277 mensuales con  Crédito 
427,hogar-y-jardin-li,Colchón Individual Nooz Control,"$3,739MXN","$6,799",$296 mensuales con  Crédito 
428,hogar-y-jardin-li,Colchón Matrimonial Restonic Crosby Con Mega Colchoneta Premium + ¨EDREDON MATRIMONIAL Y 2 ALMOHADAS GRATIS¨,"$5,999MXN","$14,999",$474 mensuales con  Crédito 
429,hogar-y-jardin-li,Frigobar Mirage MRX33ES 3.3 Pies Acero Inoxidable Oscuro END20,"$3,999MXN","$5,999",$316 mensuales con  Crédito 
430,hogar-y-jardin-li,Refrigerador LG Top Mount Smart Inverter con Dispensador de Agua 11 Pies Platino Gt32Wdc,"$10,799MXN","$16,999",$853 mensuales con  Crédito 
431,hogar-y-jardin-li,Lavadora Doble Tina 18Kg Wt18K5200Mb/ax Samsung,"$9,499MXN","$14,499",$750 mensuales con  Crédito 
432,hogar-y-jardin-li,Colchón Individual Restonic Crosby Con Mega Colchoneta Para Descanso Premium,"$3,849MXN","$7,499",$304 mensuales con  Crédito 
433,hogar-y-jardin-li,Centro de Lavado Mabe a Gas 20 Kg Mcl2040Psdg0 Grafito,"$25,999MXN","$42,999",$2052 mensuales con  Crédito 
434,hogar-y-jardin-li,Colchon Spring Air Matrimonial Panama,"$3,939MXN","$11,254",$311 mensuales con  Crédito 
435,hogar-y-jardin-li,Spring Air Colchón Value Matrimonial,"$3,939MXN","$11,254",$311 mensuales con  Crédito 
436,hogar-y-jardin-li,Congelador Horizontal Whirlpool 11p3 Dual Cooling WCF2111Q,"$11,299MXN","$13,899",$892 mensuales con  Crédito 
437,hogar-y-jardin-li,Juego de Colchón y Box Matrimonial Essen Spring Air,"$7,529MXN","$9,129",$595 mensuales con  Crédito 
438,hogar-y-jardin-li,Colchón y Box Queen Size Leyen Nova Restonic Ortopédico Con ColchonetaPILLOW TOP,"$7,449MXN","$18,099",$588 mensuales con  Crédito 
439,hogar-y-jardin-li,Colchón Matrimonial Sealy Elegant Benno Ortopédico 100% Hipoalergénico,"$5,499MXN","$14,899",$434 mensuales con  Crédito 
440,hogar-y-jardin-li,REFRIGERADOR MABE RMA250FYMRE0 250L DESPACHADOR DE AGUA GRAFITO 10P ORT65**,"$11,089MXN","$14,999",$876 mensuales con  Crédito 
441,hogar-y-jardin-li,Spring Air Colchón Value King Size,"$5,739MXN","$16,397",$453 mensuales con  Crédito 
442,hogar-y-jardin-li,Olla de Presión Multiusos Oster 8 Qtz Ckstpcec8801-013,"$4,499MXN",0,$356 mensuales con  Crédito 
443,hogar-y-jardin-li,Silla Eames Tapiz Set 4 Sillas Eames Tapizada Vintage Cafeteria Comedor Sillon Gris,"$2,699MXN","$8,999",$214 mensuales con  Crédito 
444,deportes-y-ocio-li,Bicicleta Deportiva Rodada 26 Azul,"$2,599MXN","$4,599",$206 mensuales con  Crédito 
445,deportes-y-ocio-li,Banco Pesas Multiposiciones Kit Pesas Disco Barra Gimnasio,"$3,199MXN","$6,999",$253 mensuales con  Crédito 
446,deportes-y-ocio-li,Tenis Adidas Casual Lite Racer 3.0 para Hombre,$719MXN,"$1,299",$57 mensuales con  Crédito 
447,deportes-y-ocio-li,Masajeador Piernas Electrico Legs Ejercitador  Circulacion  Pies Power Fortalecedor de Piernas Centurfit,"$1,499MXN","$3,999",$119 mensuales con  Crédito 
448,deportes-y-ocio-li,Piso Tapete Tatami Bicolor Artes Marciales 100 X 100cm 10m2,"$2,199MXN","$4,899",$174 mensuales con  Crédito 
449,deportes-y-ocio-li,Bicicleta Urbana Vintage R26 7v Frenos V-brakes Con Canasta,"$2,979MXN","$5,999",$236 mensuales con  Crédito 
450,deportes-y-ocio-li,Caminadora Electrica 2.5 Hp Bluetooth Profesional 12 Programas Inclinacion Manual Plegable Pantalla Lcd  Centurfit,"$7,099MXN","$9,999",$561 mensuales con  Crédito 
451,deportes-y-ocio-li,Set Barra Recta Barra Z Par Mancuernas 70 lbs Cromada Discos Pesas Gimnasio,"$2,399MXN","$6,999",$190 mensuales con  Crédito 
452,deportes-y-ocio-li,Bicicleta Urbana Vintage R26 Frenos V-brakes Rosa,"$2,299MXN","$3,999",$182 mensuales con  Crédito 
453,deportes-y-ocio-li,Bateria Acustica Musical Junior 5 Piezas Altura Ajustable Aro Negro ,"$4,999MXN","$9,999",$395 mensuales con  Crédito 
454,deportes-y-ocio-li,Barra Olimpica Cromada 220 Cm 15 Kilos 1200Lb Aguante,$999MXN,"$2,099",$79 mensuales con  Crédito 
455,deportes-y-ocio-li,Caminadora Eléctrica 3 HP Altera Velocidad de 16 km/h Plegable Bluetooth +12 Programas de Entrenamiento,"$8,999MXN","$10,799",$711 mensuales con  Crédito 
456,deportes-y-ocio-li,Caminadora Electrica 3.5hp Plegable 110v Bluetooth Gym Negro ,"$7,990MXN","$22,500",$631 mensuales con  Crédito 
457,deportes-y-ocio-li,Tenis Nike Air Force 1 High,"$2,990MXN","$3,400",$236 mensuales con  Crédito 
458,deportes-y-ocio-li,Catre Plegable  Camastro Verde Militar 188 x 70 x 42 Antiderrapante Incluye Funda,$699MXN,"$1,899",$56 mensuales con  Crédito 
459,deportes-y-ocio-li,Bicicleta Montaña Rodada 29 21 Velocidades Kugel Lakmus,"$6,999MXN","$9,999",$553 mensuales con  Crédito 
460,deportes-y-ocio-li,Amplificador para Guitarra 50W Boss Katana-50  MKII,"$5,199MXN","$9,999",$411 mensuales con  Crédito 
461,deportes-y-ocio-li,Tenis Casual Puma Rickie para Hombre,"$1,499MXN",0,$119 mensuales con  Crédito 
462,deportes-y-ocio-li,Svelfik Kit De Mancuernas Pesas con Barra Discos Ejercicio Gimnasio Fitness Ajustable 30kg,"$1,999MXN","$3,199",$158 mensuales con  Crédito 
463,deportes-y-ocio-li,Kit De Mancuernas Pesas Con Barra Discos Ejercicio Gym 30kg,"$1,759MXN","$2,499",$139 mensuales con  Crédito 
464,deportes-y-ocio-li,Bicicleta fija para spinning Svelfik - Spin Fit 6kg Azul lite,"$3,399MXN","$3,599",$269 mensuales con  Crédito 
465,deportes-y-ocio-li,Tenis Ward Canvas Vans  para Hombre,"$1,299MXN",0,$103 mensuales con  Crédito 
466,deportes-y-ocio-li,"Bocina Kaiser GEM-9520 15"" Flame Lighting Conexión Bluetooth END12**","$2,339MXN","$3,999",$185 mensuales con  Crédito 
467,deportes-y-ocio-li,Caminadora Runtech-Lite Plus eléctrica con bocina bluetooth Negro con Azul,"$5,299MXN","$5,999",$419 mensuales con  Crédito 
468,deportes-y-ocio-li,Gimnasio 2 Estaciones 3822 Gimpack,"$16,499MXN","$18,499",$1303 mensuales con  Crédito 
469,deportes-y-ocio-li,Tenis Converse Chuck Taylor All Star Negro  Bota,"$1,249MXN","$1,390",$99 mensuales con  Crédito 
470,deportes-y-ocio-li,Bicicleta Spinning 13 Kilos Negra,"$3,099MXN","$8,999",$245 mensuales con  Crédito 
471,deportes-y-ocio-li,Guitarra Eléctrica Tipo Stratocaster Amplificador Incluido Accesorios,"$2,239MXN","$3,999",$177 mensuales con  Crédito 
472,deportes-y-ocio-li,Hoverboard Patineta Electrica Bocina Bluetooth Luces Led,"$1,999MXN","$3,999",$158 mensuales con  Crédito 
473,deportes-y-ocio-li,Sistema Inalambrico para Guitarra y Bajo Shure BLX14 - Negro,"$6,811MXN","$8,899",$538 mensuales con  Crédito 
474,deportes-y-ocio-li,Bicicleta Spinning Fija Centurfit 6kg Botella Ejercicio Gym,"$2,699MXN","$5,999",$214 mensuales con  Crédito 
475,deportes-y-ocio-li,Guitarra Acústica la Sevillana E/acústia Mod.un-3Ceq,"$3,505MXN","$4,869",$277 mensuales con  Crédito 
476,deportes-y-ocio-li,Barra Z Cromada Estandar Pesas 1.20 Mts Rosca Semi Olimpica ,$369MXN,$890,NA
477,deportes-y-ocio-li,"Bicicleta MTB KAIZER, R29 NEGRO/ VERDE NEON","$4,099MXN","$8,999",$324 mensuales con  Crédito 
478,deportes-y-ocio-li,Yamaha HS7 Monitor De Estudio Campo Cercano Biamplificado-Negro,"$5,999MXN","$10,200",$474 mensuales con  Crédito 
479,deportes-y-ocio-li,Tenis Blanco Bmw Puma Mms Wired para Hombre,"$1,539MXN","$2,199",$122 mensuales con  Crédito 
480,deportes-y-ocio-li,Bicicleta para Niña Infantil Rodada 20 Sandy Gosa ,"$4,170MXN",0,$330 mensuales con  Crédito 
481,deportes-y-ocio-li,BOTAS NIKE MANOADOME TRIPLE BLACK,"$1,874MXN","$2,499",$148 mensuales con  Crédito 
482,deportes-y-ocio-li,Tenis Running Runfalcon 3.0 Adidas para Hombre,"$1,399MXN",0,$111 mensuales con  Crédito 
483,deportes-y-ocio-li,Tenis adidas X9000L1 Deportivo Negro ,$959MXN,"$1,999",$76 mensuales con  Crédito 
484,deportes-y-ocio-li,Tenis Running Adidas Nebzed para Mujer,"$1,499MXN",0,$119 mensuales con  Crédito 
485,deportes-y-ocio-li,Guitarra Smithfire Eléctrica Smi111-Pack,"$2,985MXN","$3,729",$236 mensuales con  Crédito 
486,deportes-y-ocio-li,Caminadora Electrica Plegable Centurfit 1.25 Hp  12 Programas Fitness,"$5,199MXN","$10,368.99",$411 mensuales con  Crédito 
487,deportes-y-ocio-li,Tenis Casual Puma R78  para Hombre,"$1,799MXN",0,$142 mensuales con  Crédito 
488,deportes-y-ocio-li,Caminadora Svelfik Plegable Negra Con Pantalla LCD,"$4,999MXN","$6,999",$395 mensuales con  Crédito 
489,deportes-y-ocio-li,Tenis Nike Air Force 1 GS Original CT3839 100,"$2,499MXN","$2,699",$198 mensuales con  Crédito 
490,deportes-y-ocio-li,Gorra New Era Blanca Redbull Checo Gp México Unisex,"$1,499MXN",0,$119 mensuales con  Crédito 
491,deportes-y-ocio-li,Tenis Casual Trinity Puma para Hombre,"$2,199MXN",0,$174 mensuales con  Crédito 
492,deportes-y-ocio-li,Tenis Correr Asics Patriot 13 para Hombre,"$1,599MXN",0,$127 mensuales con  Crédito 
493,deportes-y-ocio-li,Sudadera Puma para Hombre,"$1,199MXN",0,$95 mensuales con  Crédito 
494,deportes-y-ocio-li,Guitarra Electrica Amplificador Tipo Stratocaster Accesorios Musica Café,"$2,239MXN","$3,999",$177 mensuales con  Crédito 
495,deportes-y-ocio-li,Bicicleta Spinning 18 Kg Profesional Fija Gym,"$4,299MXN","$13,999",$340 mensuales con  Crédito 
496,deportes-y-ocio-li,Tenis Trainnig Trainer V Adidas para Hombre,"$1,899MXN",0,$150 mensuales con  Crédito 
497,deportes-y-ocio-li,BICICLETA ALUBIKE SIERRA R29 ALUMINIO 24V ROJA NARANJA TALLA MEDIANA  I,"$8,499MXN","$17,039",$671 mensuales con  Crédito 
498,deportes-y-ocio-li,Bicicleta Fija 13 kg Estática Para Spinning Cardio Fitness ,"$2,749MXN","$4,679",$217 mensuales con  Crédito 
499,deportes-y-ocio-li,Combo para Guitarra Eléctrica Katana 100w BOSS KTN 100 2-Negro,"$7,999MXN","$11,000",$632 mensuales con  Crédito 
500,deportes-y-ocio-li,Gimnasio Casero de Barras Pr1000,"$7,999MXN","$14,499",$632 mensuales con  Crédito 
501,deportes-y-ocio-li,Banco Multiposiciones Para Pesas Kit Con Discos Altera BM-002,"$3,999MXN","$4,799",$316 mensuales con  Crédito 
502,deportes-y-ocio-li,Micrófono Shure BLX24/SM58 Sistema Inalambrico-Negro,"$7,950MXN","$10,599",$628 mensuales con  Crédito 
503,deportes-y-ocio-li,Tenis Running Puma Electron e  para Hombre,"$1,799MXN",0,$142 mensuales con  Crédito 
504,deportes-y-ocio-li,Bicicleta para Mujer Rodada 700 21 Velocidades Aluminio Blanco Quotidien Turbo ,"$10,549MXN",0,$833 mensuales con  Crédito 
505,deportes-y-ocio-li,Bicicleta Urbana Vintage R26 Frenos V-brakes Plata,"$2,599MXN","$3,999",$206 mensuales con  Crédito 
506,deportes-y-ocio-li,Caminadora C300 Pro-Form Pftl29621,"$8,799MXN","$12,499",$695 mensuales con  Crédito 
507,deportes-y-ocio-li,Mancuerna Ajustable Tipo Bowflex De 5 A 52.5 Lb 24 Kg 10 Pz,"$2,499MXN","$3,399",$198 mensuales con  Crédito 
508,deportes-y-ocio-li,"Kit de Guitarra Acústica Clásica con Accesorios, Funda, Afinador digital, Juego de cuerdas, Púas, Mica protectora","$1,499MXN","$1,799",$119 mensuales con  Crédito 
509,deportes-y-ocio-li,Caminadora Runtech-Advance eléctrica con bocina bluetooth Rojo con Negro,"$6,999MXN","$8,499",$553 mensuales con  Crédito 
510,deportes-y-ocio-li,"Paquete de Teclado Yamaha PSRE373 con Audífonos, Base y Funda","$7,200MXN","$12,999",$569 mensuales con  Crédito 
511,deportes-y-ocio-li,Bicicleta Para Ejercicio Spinning Fija Estática 6kg Silenciosa,"$3,599MXN","$6,299",$285 mensuales con  Crédito 
512,deportes-y-ocio-li,Tenis Reebok Princess Dama Original J95361,"$1,199MXN","$1,399",$95 mensuales con  Crédito 
513,deportes-y-ocio-li,BICICLETA MERCURIO SPORT RENZZO 700 NEGRO/AMARILLO,"$7,039MXN","$16,249",$556 mensuales con  Crédito 
514,deportes-y-ocio-li,"Altera Caminadora Eléctrica 14 km/h 2HP + Bocinas Integradas Bluetooth + 12 Programas + Pantalla de Control, Caminadora Electrica Profesional Uso Rudo","$6,999MXN","$8,399",$553 mensuales con  Crédito 
515,deportes-y-ocio-li,Bicicleta Veloci BMX Freestyle Rodada 20 Plata Urbana,"$3,499MXN","$7,258.9",$277 mensuales con  Crédito 
516,deportes-y-ocio-li,Caminadora Runtech-Advance eléctrica con bocina bluetooth Gris con Negro,"$6,999MXN","$13,999",$553 mensuales con  Crédito 
517,deportes-y-ocio-li,Caminadora Eléctrica Altera 2 en 1 Velocidad 1 a 12 km/h Bluetooth 2 HP para Caminar y Correr,"$3,499MXN","$4,199",$277 mensuales con  Crédito 
518,deportes-y-ocio-li,Bicicleta Ghost Nautilus Rodada 20 Negro De Montaña,"$2,999MXN","$6,598.9",$237 mensuales con  Crédito 
519,deportes-y-ocio-li,Bicicleta Ghost Nautilus Rodada 20 Dorado De Montaña,"$2,999MXN","$6,598.9",$237 mensuales con  Crédito 
520,deportes-y-ocio-li,Behringer XM1800s Paquete 3 Micrófonos de Estudio Cardioides,"$1,377MXN","$2,100",$109 mensuales con  Crédito 
521,deportes-y-ocio-li,Tricicleta R26 7 Velocidades Canasta Trasera Plata Gospel ,"$7,999MXN",0,$632 mensuales con  Crédito 
522,deportes-y-ocio-li,Tricicleta R24 6 Velocidades Canasta Trasera Blanca Gospel ,"$7,999MXN",0,$632 mensuales con  Crédito 
523,deportes-y-ocio-li,Bicicleta fija para spinning Svelfik - Spin Fit Roja,"$3,399MXN","$3,999",$269 mensuales con  Crédito 
524,deportes-y-ocio-li,Teclado Digital de 61 Teclas Casio CTS400,"$6,720MXN","$11,600",$531 mensuales con  Crédito 
525,deportes-y-ocio-li,Tenis Adidas Grand Court Base Blanco Mujer EE7968 + CALCETAS DE REGALO,"$1,189MXN","$1,439",$94 mensuales con  Crédito 
526,deportes-y-ocio-li,Eliptic Trainer,"$2,799MXN","$3,999",$221 mensuales con  Crédito 
527,deportes-y-ocio-li,Tenis Tenis Caballero Pirma 8000 Marino,$549MXN,$649,$44 mensuales con  Crédito 
528,deportes-y-ocio-li,Tenis Casual Advantage Adidas para Mujer,"$1,599MXN",0,$127 mensuales con  Crédito 
529,deportes-y-ocio-li,Violin Acustico 4/4 Profesional Madera Fina Cafe con Estuche Brea,$799MXN,"$1,499",$64 mensuales con  Crédito 
530,deportes-y-ocio-li,Bicicleta Mercurio Ranger Pro R29 Negro,"$6,319MXN","$9,999",$499 mensuales con  Crédito 
531,deportes-y-ocio-li,Tenis Trainning Infusion Puma para Hombre,"$1,999MXN",0,$158 mensuales con  Crédito 
532,deportes-y-ocio-li,TRICICLO DE CARGA MAGNUM MERCURIO ENTREGA SÓLO VÁLIDA EN LA CIUDAD DE MÉXICO Y ZONA METROPOLITANA,"$6,279MXN","$11,579",$496 mensuales con  Crédito 
533,deportes-y-ocio-li,Bicicleta Plegable R20 Acero 7 Velocidades Freno Vbreak Portabultos Campana Negra,"$2,699MXN","$5,999",$214 mensuales con  Crédito 
534,deportes-y-ocio-li,Sudadera Puma para Hombre,"$1,199MXN",0,$95 mensuales con  Crédito 
535,deportes-y-ocio-li,Bicicleta Monk Classic 21 Velocidades Rodada 28 Shimano Blanco,"$5,999MXN","$9,399",$474 mensuales con  Crédito 
536,deportes-y-ocio-li,Bicicleta Montaña Rodada 29 21 Velocidades Kugel Di-max Plata,"$5,999MXN","$10,599",$474 mensuales con  Crédito 
537,deportes-y-ocio-li,Bicicleta Ghost Row Rodada 29 Gris De Montaña,"$5,999MXN","$12,098.9",$474 mensuales con  Crédito 
538,deportes-y-ocio-li,Bajo Eléctrico Yamaha TRBX174 Con Funda y Afinador-Sunburst,"$5,900MXN","$8,399",$466 mensuales con  Crédito 
539,deportes-y-ocio-li,Tenis Converse Chuck Taylor Classic All Star Optical White Unisex Original M7652C,"$1,179MXN","$1,499",$94 mensuales con  Crédito 
540,deportes-y-ocio-li,Bicicleta Montaña Rodada 26 21 Velocidades Kugel Rainier,"$5,799MXN","$8,399",$458 mensuales con  Crédito 
541,deportes-y-ocio-li,Tenis Nike Air Jordan 1 Retro OG ,"$5,790MXN","$6,900",$457 mensuales con  Crédito 
542,deportes-y-ocio-li,Caminadora Runtech-Advance eléctrica con bocina bluetooth Azul con Negro,"$6,999MXN","$13,999",$553 mensuales con  Crédito 
543,deportes-y-ocio-li,Tenis Running Amare Puma para Hombre,"$1,799MXN",0,$142 mensuales con  Crédito 
544,deportes-y-ocio-li,Bicicleta Spinning 8 kg Bicicleta Fija Estatica Indoor Azul CH,"$2,890MXN","$4,700",$229 mensuales con  Crédito 
545,deportes-y-ocio-li,Tenis Casual Court Revival Adidas para Mujer,"$2,199MXN",0,$174 mensuales con  Crédito 
546,deportes-y-ocio-li,"Bicicleta de Montaña 17"" R26 Mongoose Launch de aluminio ","$6,399MXN","$7,999",$506 mensuales con  Crédito 
547,deportes-y-ocio-li,Creatina Monohidratada Birdman 600g,$955MXN,"$1,003",$76 mensuales con  Crédito 
548,deportes-y-ocio-li,Teclado Portátil Básico Yamaha Psr-E273 Negro,"$5,139MXN","$7,139",$406 mensuales con  Crédito 
549,deportes-y-ocio-li,Caminadora Eléctrica Altera Velocidad 12 km/h 2 HP Bocinas Bluetooth 4 Niveles de Altura Control Fit Watch,"$5,699MXN","$6,839",$450 mensuales con  Crédito 
550,deportes-y-ocio-li,Tenis Casual R78 Trek Puma para Hombre,"$1,899MXN",0,$150 mensuales con  Crédito 
551,deportes-y-ocio-li,Guitarra Eléctrica Smithfire Tel-110Paksbs Sombreada (Paquete),"$3,165MXN","$4,399",$250 mensuales con  Crédito 
552,deportes-y-ocio-li,Bicicleta Urbana para Mujer Rodada 26 Tulum Retro con Canasta Color Roja Turbo ,"$7,049MXN",0,$557 mensuales con  Crédito 
553,deportes-y-ocio-li,Set 2 Cabezas Movil Aro Rgb Robotica 90w Con Mochila,"$5,399MXN","$7,999",$427 mensuales con  Crédito 
554,deportes-y-ocio-li,Tenis Under Armour Lockdown 6 Hombre Básquetbol ,"$1,799MXN","$2,199",$142 mensuales con  Crédito 
555,deportes-y-ocio-li,COLCHON INFLABLE TAMAÑO QUEEN CON BOMBA ELÉCTRICA ,"$1,349MXN","$1,899",$107 mensuales con  Crédito 
556,deportes-y-ocio-li,Tenis Puma Caven para Hombre 380810-16 ,"$1,699MXN","$1,999",$135 mensuales con  Crédito 
557,deportes-y-ocio-li,Violi­n Acustico 4/4 Profesional Madera Fina Negro Estudiante Musica,$859MXN,"$1,499",$68 mensuales con  Crédito 
558,deportes-y-ocio-li,BICICLETA MERCURIO RANGER R26 VERDE ALUMINIO,"$5,030MXN","$10,479",$397 mensuales con  Crédito 
559,deportes-y-ocio-li,Tenis Nike Mujer Air Force 1Mid Casual  Original,"$2,499MXN","$2,999",$198 mensuales con  Crédito 
560,deportes-y-ocio-li,CASCO KOV KX1 CARBON,"$1,299MXN","$1,780",$103 mensuales con  Crédito 
561,deportes-y-ocio-li,Bafle Mitzu GEM-5715 15 Circle Light KSR-LINK 30w END,"$1,919MXN","$2,569",$152 mensuales con  Crédito 
562,deportes-y-ocio-li,Bicicleta De Montaña Huffy Scout Rodada 24 Doble Freno,"$4,950MXN","$6,200",$391 mensuales con  Crédito 
563,deportes-y-ocio-li,Carpa 3x6 m Jardimanía Toldo Antisombra Plegable y Portátil Roja,"$2,399MXN","$3,199",$190 mensuales con  Crédito 
564,deportes-y-ocio-li,Bicicleta Mercurio DH Kaizer R26 Negro Azul,"$4,900MXN","$7,197",$387 mensuales con  Crédito 
565,deportes-y-ocio-li,TENIS REEBOK UNISEX BLANCO REEBOK ROYAL COMPLETE CLN2 EG9416,"$1,029MXN","$1,339",$82 mensuales con  Crédito 
566,deportes-y-ocio-li,Jersey para Hombre Atlas Charly,"$1,599MXN",0,$127 mensuales con  Crédito 
567,deportes-y-ocio-li,Tenis adidas Deportivo TF Para Fútbol Rápido,"$1,199MXN","$1,499",$95 mensuales con  Crédito 
568,deportes-y-ocio-li,Tenis DC SHOES Unisex Notch Tx Mx Negro ADYS100518BB2,$649MXN,"$1,239",$52 mensuales con  Crédito 
569,deportes-y-ocio-li,Caminadora Unifitness Multifunción,"$4,699MXN","$5,890",$371 mensuales con  Crédito 
570,deportes-y-ocio-li,Guitarra Smithfire Elect Smi111 Sombreada,"$2,985MXN","$3,729",$236 mensuales con  Crédito 
571,deportes-y-ocio-li,Conjunto Puma para Hombre,"$1,699MXN",0,$135 mensuales con  Crédito 
572,deportes-y-ocio-li,Mountain Bike Bici De Aluminio Shimano Messer Monk22 Amarillo,"$4,599MXN","$8,149",$363 mensuales con  Crédito 
573,deportes-y-ocio-li,Bicicleta Spinning Fija 20 Kilos Profesional Cardio Indoor Negro,"$4,590MXN","$7,559",$363 mensuales con  Crédito 
574,deportes-y-ocio-li,Bicicleta Spinning Fija 20 Kilos Profesional Cardio Indoor Blanco,"$4,590MXN","$7,559",$363 mensuales con  Crédito 
575,deportes-y-ocio-li,Tenis Hoka Clifton 9 Harbor Hombre Correr Running ,"$4,589MXN","$5,999",$363 mensuales con  Crédito 
576,deportes-y-ocio-li,Traje CRESSI Apnea Neopreno 3.5 mm Apnea Pesca Submarina,"$4,499MXN","$6,089",$356 mensuales con  Crédito 
577,deportes-y-ocio-li,Bicicleta De Montaña Rodada 29 Kugel Messer Mtb Verde,"$4,499MXN","$9,899",$356 mensuales con  Crédito 
578,deportes-y-ocio-li,Combo de tablero y aro de baloncesto LIFETIME (policarbonato de 48 pulgadas),"$4,499MXN","$4,999",$356 mensuales con  Crédito 
579,deportes-y-ocio-li,Mancuerna Hexagonal 25 libras (2 pzas) Negro,"$1,599MXN","$2,209",$127 mensuales con  Crédito 
580,deportes-y-ocio-li,Tenis Casual Rickie Puma para Hombre,"$1,049MXN","$1,499",$83 mensuales con  Crédito 
581,deportes-y-ocio-li,Barra Dominadas 8 En 1 Aros Fondos Abdomen Gym Pared Box,"$1,199MXN","$2,099",$95 mensuales con  Crédito 
582,deportes-y-ocio-li,Tenis Casual Court Platform Adidas para Mujer,"$1,499MXN",0,$119 mensuales con  Crédito 
583,deportes-y-ocio-li,TECLADO MUSICAL KAISER MTC-5495 61 TECLAS CON LUZ ENDY3,"$2,209MXN","$4,999",$175 mensuales con  Crédito 
584,deportes-y-ocio-li,Tenis Nike De Hombre Quest 5 Dd0204 005 Correr,"$1,599MXN","$1,999",$127 mensuales con  Crédito 
585,deportes-y-ocio-li,TENIS ASICS MUJER MULTICOLOR NOOSA TRI 14  1012B208.702 + CALCETAS DE REGALO,"$2,179MXN","$3,299",$172 mensuales con  Crédito 
586,deportes-y-ocio-li,Sudadera para Hombre Negra Mx Racing,$599MXN,0,$48 mensuales con  Crédito 
587,deportes-y-ocio-li,Elíptica Trainer Unifitness,"$4,299MXN","$6,148",$340 mensuales con  Crédito 
588,deportes-y-ocio-li,Bicicleta Ghost Claw Rodada 29 Verde De Montaña,"$4,299MXN","$8,798.9",$340 mensuales con  Crédito 
589,deportes-y-ocio-li,Tenis Casual Wm Ward  Vans para Mujer,"$1,399MXN",0,$111 mensuales con  Crédito 
590,deportes-y-ocio-li,TENIS REEBOK UNISEX NEGRO REEBOK NANO X3 HP6041 + CALCETAS DE REGALO,"$2,139MXN","$2,999",$169 mensuales con  Crédito 
591,deportes-y-ocio-li,Mezcladora Amplificada Mixer Bluetooth 8 Canales 24 Efectos ,"$2,099MXN","$5,199",$166 mensuales con  Crédito 
592,deportes-y-ocio-li,Tenis De Fútbol Rápido adidas Copa Pure.4 TF Multitaco Negro,"$1,399MXN","$1,699",$111 mensuales con  Crédito 
593,deportes-y-ocio-li,Creatina Monohidratada De Alta Pureza Birdman 450 grs,$699MXN,$899,$56 mensuales con  Crédito 
594,deportes-y-ocio-li,TENIS REEBOK UNISEX BLANCO REEBOK PRINCESS BS8458 + CALCETAS,"$1,329MXN","$1,589",$105 mensuales con  Crédito 
595,deportes-y-ocio-li,Bicicleta Fija Stingray SFMANBK,"$2,060MXN","$2,416",$163 mensuales con  Crédito 
596,deportes-y-ocio-li,Gorra Azul Redbull New Era Checo P Unisex,"$1,099MXN",0,$87 mensuales con  Crédito 
597,deportes-y-ocio-li,Tacos adidas Fútbol Predator 18.1 Negro Fg Para Pasto,"$3,999MXN","$4,199",$316 mensuales con  Crédito 
598,deportes-y-ocio-li,Bicicleta fija estática de spinning para ejercicio bw-dy7702b,"$3,999MXN","$5,699",$316 mensuales con  Crédito 
599,deportes-y-ocio-li,Tenis Nike Zoom Winflo 8 SHIELD Original DC3730 002,"$1,999MXN","$2,599",$158 mensuales con  Crédito 
600,deportes-y-ocio-li,Tenis Nike Para Hombre Air Max Bolt Cu4151 004 Gris Negro Entrenamiento,"$1,999MXN","$2,099",$158 mensuales con  Crédito 
601,deportes-y-ocio-li,Ecualizador   231S ,"$5,328MXN","$6,965",$421 mensuales con  Crédito 
602,deportes-y-ocio-li,Ecualizador   231S ,"$5,328MXN","$6,965",$421 mensuales con  Crédito 
603,deportes-y-ocio-li,Tenis para Hombre Rojo Ferrari Puma Tiburion,"$1,319MXN","$2,199",$105 mensuales con  Crédito 
604,deportes-y-ocio-li,Tenis adidas Advantage Court Originales,$989MXN,"$1,099",$79 mensuales con  Crédito 
605,deportes-y-ocio-li,Tenis Nike Air Jordan 1 Zoom Comfort 2,"$4,000MXN","$4,890",$316 mensuales con  Crédito 
606,deportes-y-ocio-li,Tenis Running Adidas Supernova 2 X para Caballero,"$2,599MXN",0,$206 mensuales con  Crédito 
607,ferreteria-y-autos-li,Aceite Motor 5w30 100% Sintetico Api SN 5 Lts Hella ,$589MXN,$863,$47 mensuales con  Crédito 
608,ferreteria-y-autos-li,Aspiradora de 6 Galones y 3.5 Hp para Seco y Mojado Mod. Cmxevbe17584 Craftsman,"$1,679MXN","$2,399",$133 mensuales con  Crédito 
609,ferreteria-y-autos-li,Llanta 205/55R16 MICHELIN PRIMACY 4+ 91V,"$3,538MXN",0,$280 mensuales con  Crédito 
610,ferreteria-y-autos-li,Soldadora Microalambre Inversora con Gas 120a 110v Maquina Soldar,"$3,099MXN","$5,599",$245 mensuales con  Crédito 
611,ferreteria-y-autos-li,Escalera de Extensión Cuprum Mod 494-20,"$3,369MXN","$4,499",$266 mensuales con  Crédito 
612,ferreteria-y-autos-li,Sierra Ingletadora Deslizante 1800w Disco 10' Guia Laser,"$3,699MXN","$4,899",$292 mensuales con  Crédito 
613,ferreteria-y-autos-li,Escalera Convertible de 13 Escalones Cuprum,"$2,469MXN","$3,299",$195 mensuales con  Crédito 
614,ferreteria-y-autos-li,Prensa Hidraulica 20 Toneladas Con Gato Hidraulico GUTSTARK,"$4,799MXN","$10,999",$379 mensuales con  Crédito 
615,ferreteria-y-autos-li,Sierra Banco 10 Pulgadas Mesa Portátil 1800w 4500rpm Sierra Mesa,"$3,999MXN","$4,999",$316 mensuales con  Crédito 
616,ferreteria-y-autos-li,Aspiradora de 12 Galones y 6 Hp para Seco y Mojado Mod. Cmxevbe17594 Craftsman,"$2,969MXN","$4,249",$235 mensuales con  Crédito 
617,ferreteria-y-autos-li,Desbrozadora Swedish Husky HKD5200,"$1,655MXN","$1,999",$131 mensuales con  Crédito 
618,ferreteria-y-autos-li,Escalera Convertible de Aluminio (17 Escalones) Cuprum C-2287-17,"$3,839MXN","$5,129",$303 mensuales con  Crédito 
619,ferreteria-y-autos-li,Hidrolavadora Eléctrica Tipo Karcher 1300 Psi Pretul ,"$1,100MXN","$1,295",$87 mensuales con  Crédito 
620,ferreteria-y-autos-li,Gato Patín Oem 2 Toneladas con Portafolio,$689MXN,$919,$55 mensuales con  Crédito 
621,ferreteria-y-autos-li,Aspiradora de 9 Galones y 4.25 Hp para Seco y Mojado Mod. Cmxevbe17590 Craftsman,"$2,109MXN","$3,249",$167 mensuales con  Crédito 
622,ferreteria-y-autos-li,AVERA Calentador Boiler de Agua Instantáneo para Gas LP 1 servicio C6L,"$1,443MXN","$2,209",$114 mensuales con  Crédito 
623,ferreteria-y-autos-li,Escalera de Aluminio Tipo Tijera (6 Escalones) Cuprum C-2312-07N,"$1,869MXN","$2,499",$148 mensuales con  Crédito 
624,ferreteria-y-autos-li,Generador Planta De Luz Portatil A Gasolina Bifasico Hyundai ,"$5,394MXN","$6,499",$426 mensuales con  Crédito 
625,ferreteria-y-autos-li,BOILER DEPOSITO GAS LP 40L 1.5 SERVICIOS ENCENDIDO PIEZOELÉCTRICO GUARDIAN ,"$3,213MXN","$3,780",$254 mensuales con  Crédito 
626,ferreteria-y-autos-li,Escalera de Extensión de Aluminio de 24 Escalones Tipo II Uso Profesional Cuprum,"$5,249MXN","$6,999",$415 mensuales con  Crédito 
627,ferreteria-y-autos-li,"Tinaco 1100 L Beige c/accesorios, Envío Zona Metropolitana ","$3,131MXN",0,$248 mensuales con  Crédito 
628,ferreteria-y-autos-li,Sierra de Banco 10'' Modelo 21807 Craftsman,"$13,739MXN","$22,899",$1085 mensuales con  Crédito 
629,ferreteria-y-autos-li,Llanta 195/65R15 Michelin Primacy 4 95H ,"$3,097MXN",0,$245 mensuales con  Crédito 
630,ferreteria-y-autos-li,Aspiradora Koblenz PV-1800 Titanium II 1800W END8**,"$2,819MXN","$4,999",$223 mensuales con  Crédito 
631,salud-belleza-y-cuidado-personal-li,Toppik Fibra Capilar Cosmética Dark Brown,"$1,168MXN","$1,375",$93 mensuales con  Crédito 
632,salud-belleza-y-cuidado-personal-li,Skindion Dispositivo de Rejuvenecimiento Facial con Microcorriente Reductor de Arrugas y Tonificación Facial,"$1,499MXN","$1,800",$119 mensuales con  Crédito 
633,salud-belleza-y-cuidado-personal-li,Colchon Masajeador Calor Cuerpo Completo 9 Motores Relajante Terapia ,$719MXN,"$1,699",$57 mensuales con  Crédito 
634,salud-belleza-y-cuidado-personal-li,Polaris Nr02,$624MXN,$735,$50 mensuales con  Crédito 
635,salud-belleza-y-cuidado-personal-li,Secadora Dyson Supersonic Tm Hair Dryer Azul/ Blush Pink,"$8,827MXN","$15,999",$697 mensuales con  Crédito 
636,salud-belleza-y-cuidado-personal-li,Toppik Fibra Capilar Cosmética Black,"$1,168MXN","$1,375",$93 mensuales con  Crédito 
637,salud-belleza-y-cuidado-personal-li,Sillon Barbero Peluqueria Silla Barberia Estetica Stay Elit,"$7,099MXN","$7,999",$561 mensuales con  Crédito 
638,salud-belleza-y-cuidado-personal-li,Perfume de Hombre Club De Nuit Intense Eau De Toilette 105ml,$845MXN,"$1,069",$67 mensuales con  Crédito 
639,salud-belleza-y-cuidado-personal-li,Cepillo Eléctrico E/6 Oral-B Pro S,"$1,586MXN","$1,867",$126 mensuales con  Crédito 
640,salud-belleza-y-cuidado-personal-li,Sillon Barbero Peluqueria Silla Barberia Estetica Stay Elit Café,"$6,299MXN","$7,999",$498 mensuales con  Crédito 
641,salud-belleza-y-cuidado-personal-li,Perfume Nautica Voyage para Hombre de Nautica 100ML,$328MXN,$999,NA
642,salud-belleza-y-cuidado-personal-li,"Secador de Pelo, 4000W Secadora de Cabello Profesional Secadoras de Pelo Potente con 2 Boquillas","$1,299MXN","$2,100",$103 mensuales con  Crédito 
643,salud-belleza-y-cuidado-personal-li,HOT 100 ML EDT SPRAY,$421MXN,$540,NA
644,salud-belleza-y-cuidado-personal-li,Flor Essence 500ml,$889MXN,$910,$71 mensuales con  Crédito 
645,salud-belleza-y-cuidado-personal-li,LACOSTE L´HOMME INTENSE 100 ML EDT,"$1,445MXN","$1,750",$115 mensuales con  Crédito 
646,salud-belleza-y-cuidado-personal-li,Skindion Dispositivo de Rejuvenecimiento Facial con Microcorriente Reductor de Arrugas y Tonificación Facial,"$1,499MXN","$1,800",$119 mensuales con  Crédito 
647,salud-belleza-y-cuidado-personal-li,Spectral Lash,"$1,015MXN","$1,195",$81 mensuales con  Crédito 
648,salud-belleza-y-cuidado-personal-li,LARINGOSCOPIO MAC SET 4 HOJAS 1 MANGO FIBRA ÓPTICA,"$3,130MXN","$3,530",$248 mensuales con  Crédito 
649,salud-belleza-y-cuidado-personal-li,Hidratante Facial Neutrogena Hydro Boost Water gel 50 g,$262MXN,$349,NA
650,salud-belleza-y-cuidado-personal-li,Perfume 212 Vip Rose Mujer Carolina Herrera 80ml,"$2,034MXN","$2,390",$161 mensuales con  Crédito 
651,salud-belleza-y-cuidado-personal-li,Silla Estética Reclinable Onof EAM Sillón Barberia Profesional Giratorio e Hidráulico,"$7,999MXN","$9,599",$632 mensuales con  Crédito 
652,salud-belleza-y-cuidado-personal-li,Secadora Azul Conair,$749MXN,"$1,499",$60 mensuales con  Crédito 
653,salud-belleza-y-cuidado-personal-li,Báscula Médica C/ Estadímetro Alta Resistencia MPS200B Fith,"$5,979MXN","$6,917.9",$472 mensuales con  Crédito 
654,salud-belleza-y-cuidado-personal-li,Toppik Fibra Capilar Cosmética Médium Brown,"$1,168MXN","$1,375",$93 mensuales con  Crédito 
655,salud-belleza-y-cuidado-personal-li,Perfume Amor Amor para Mujer de Cacharel Eau de Toilette 100ml,"$1,269MXN","$1,390",$101 mensuales con  Crédito 
656,salud-belleza-y-cuidado-personal-li,Paco Rabanne Invictus Victory Elixir Parfum 200ml,"$2,905MXN","$4,450",$230 mensuales con  Crédito 
657,salud-belleza-y-cuidado-personal-li,Soporte Tobillo Neopreno Negro M Machmedical,$92MXN,$109,NA
658,salud-belleza-y-cuidado-personal-li,Asiento De Masaje Modelo Ocuzen de Ultima Generación - Naipo ,"$5,099MXN","$5,999",$403 mensuales con  Crédito 
659,salud-belleza-y-cuidado-personal-li,Cepillo Secador Revlon Salon Oval One Step Pro Voluminizador,"$2,400MXN","$2,999",$190 mensuales con  Crédito 
660,salud-belleza-y-cuidado-personal-li,Crema post-quirurgica videlca 230 gr,$456MXN,$570,NA
661,salud-belleza-y-cuidado-personal-li,Colonia Sanborns Flor de Naranja 740ml,$240MXN,$300,NA
662,salud-belleza-y-cuidado-personal-li,Silla Facial Reclinable Cama Tatuaje Fisioterapia Sillon Spa Blanca,"$3,599MXN","$6,999",$285 mensuales con  Crédito 
663,salud-belleza-y-cuidado-personal-li,Versace Eros,"$1,336MXN","$1,603",$106 mensuales con  Crédito 
664,salud-belleza-y-cuidado-personal-li,Laura Mercier Loose Setting Powder (Polvo Traslúcido),$599MXN,$799,$48 mensuales con  Crédito 
665,salud-belleza-y-cuidado-personal-li,Masajeador de Cuerpo Entero Naipo,$799MXN,"$1,599",$64 mensuales con  Crédito 
666,salud-belleza-y-cuidado-personal-li,Silla Ruedas Neumática Asiento Acojinado Frenos S200n Handy,"$4,369MXN","$5,058.9",$345 mensuales con  Crédito 
667,salud-belleza-y-cuidado-personal-li,Fotosun UV 100 FPS +50 Solar Brush 4 g,$220MXN,$259,NA
668,salud-belleza-y-cuidado-personal-li,Crema Corporal Tratamiento Reafirmante Argán Y Jalea Real Marie D´Argan,$399MXN,$499,NA
669,salud-belleza-y-cuidado-personal-li,"Yuya - Polvo traslúcido con ingredientes naturales 16g + Paquete 6 tintas multiusos 5.5ml c/u Incluye: Párvula (Rosa), Fugaz (Fucsia), Tiempo (Bugambilia), Soledad (Salmón), Ser (Palo de Rosa), Yin Yan (Rojo)",$999MXN,"$1,248",$79 mensuales con  Crédito 
670,salud-belleza-y-cuidado-personal-li,Masaje Anticelulítico Beurer CM 50,"$1,093MXN","$2,189",$87 mensuales con  Crédito 
671,salud-belleza-y-cuidado-personal-li,FERRIONI BLUE TERRIER 100 ML EDT SPRAY,$893MXN,"$1,150",$71 mensuales con  Crédito 
672,salud-belleza-y-cuidado-personal-li,Mini Pistola de Masaje Inalámbrica Recargable Negro - Naipo ,"$2,519MXN","$2,799",$199 mensuales con  Crédito 
673,salud-belleza-y-cuidado-personal-li,Silla Cama Para Faciales Color Negro Con Banco,"$4,399MXN","$5,999",$348 mensuales con  Crédito 
674,salud-belleza-y-cuidado-personal-li,Rodillo de masaje facial 100 porciento Jade Revlon,$310MXN,$365,NA
675,salud-belleza-y-cuidado-personal-li,Flash Suero Para Pestañas 2ml.,$779MXN,$899,$62 mensuales con  Crédito 
676,salud-belleza-y-cuidado-personal-li,Máscara para pestañas Lash Paradise L'Oréal Paris,$220MXN,$289,NA
677,salud-belleza-y-cuidado-personal-li,Delineador de Ojos Revlon,$191MXN,$235,NA
678,salud-belleza-y-cuidado-personal-li,Fotosun UV 100 FPS +50 Adaptive Color 60 ml,$148MXN,$175,NA
679,salud-belleza-y-cuidado-personal-li,Delineador de Ojos Revlon,$191MXN,$235,NA
680,salud-belleza-y-cuidado-personal-li,Polvo compracto Colorstay,$255MXN,$300,NA
681,salud-belleza-y-cuidado-personal-li,Combo Secadora 2000w Plancha Cerámica Babyliss Ceramix Xtr,"$1,949MXN","$2,249",$154 mensuales con  Crédito 
682,salud-belleza-y-cuidado-personal-li,Labello Black Berry,$62MXN,$74,NA
683,salud-belleza-y-cuidado-personal-li,Rimel Negro Clásico 14g Prosa,$42MXN,$59,NA
684,salud-belleza-y-cuidado-personal-li,Tintero negro delineador 6g blister,$42MXN,$54,NA
685,salud-belleza-y-cuidado-personal-li,SET DE REGALO PARA CABALLERO ALFA ROMEO RED - PERFUME 125 ML + GEL DE BAÑO 100 ML + HIDRATANTE PARA DESPUÉS DE AFEITAR 100 ML,$895MXN,"$1,119",$71 mensuales con  Crédito 
686,salud-belleza-y-cuidado-personal-li,Polvo compracto Colorstay,$255MXN,$300,NA
687,salud-belleza-y-cuidado-personal-li,Removedor de esmalte Cutex regular 100ml.,$22MXN,$31,NA
688,salud-belleza-y-cuidado-personal-li,Cama De Masaje Portatil Spa Reclinable Estuche Profesional Mesa Negra Tatto Tatuajes,"$3,299MXN","$4,999",$261 mensuales con  Crédito 
689,salud-belleza-y-cuidado-personal-li,Pestañas Postizas Rachel Duo 102-M,$64MXN,$80,NA
690,salud-belleza-y-cuidado-personal-li,Labial Yuya Mate Bonita,$92MXN,$115,NA
691,salud-belleza-y-cuidado-personal-li,Masajeador con Infrarrojos MG80 Beurer,"$1,696MXN","$3,395",$134 mensuales con  Crédito 
692,salud-belleza-y-cuidado-personal-li,Rizador de pestañas IMP Oreid Gold Revlon,$170MXN,$209,NA
693,salud-belleza-y-cuidado-personal-li,Lavacabezas portátil BCS-142 Letmex,"$1,539MXN","$1,619",$122 mensuales con  Crédito 
694,salud-belleza-y-cuidado-personal-li,Cama De Masaje Camilla Plegable 150 kg Reclinable Fisioterapia Faciales Spa Azul Nanofort,"$1,829MXN","$4,499",$145 mensuales con  Crédito 
